City_Region,ZIP,Population_2021,Median_Household_Income,Percent_Household_Income_Greater_than_100000,Per_Capita_Income,Population_Male,Population_Female,Projected_Population_2026,Employed,Housing_units,Percent_Housing_Occupied,Percent_Family_households,Percent_Never_married,Education_Bachelors_degree
 Avondale Estates,30002,6066,68978.08,0.3735,49651.33,0.453,0.5467,6312,0.6994,3004,0.9581,0.5236,0.385,0.5608
 Alpharetta,30004,68039,120640.1,0.6393,61845.74,0.4922,0.5078,74511,0.7129,24988,0.9598,0.7729,0.2558,0.6784
 Alpharetta,30005,40114,134774.69,0.6814,57458.02,0.5091,0.4909,40412,0.7238,14969,0.9452,0.7991,0.258,0.7461
 Marietta,30008,32958,50953.49,0.1974,23775.79,0.4902,0.5097,32731,0.6104,12138,0.945,0.6024,0.4129,0.2038
 Alpharetta,30009,18304,103685.48,0.5594,56733.18,0.5043,0.4957,21498,0.6972,7889,0.9127,0.6508,0.2613,0.6725
 Auburn,30011,16330,65942.77,0.2589,25525.02,0.4688,0.5312,17434,0.6241,5167,0.9574,0.7831,0.2907,0.2129
 Conyers,30012,28837,47164.31,0.1976,25000.61,0.444,0.5559,30594,0.6063,10821,0.951,0.6972,0.388,0.2483
 Conyers,30013,26981,64724.66,0.3149,31632.23,0.4829,0.5171,27530,0.6658,10810,0.9204,0.7187,0.3561,0.286
 Covington,30014,38589,51690.21,0.2151,25323.69,0.4699,0.53,39591,0.6326,14663,0.9301,0.689,0.3522,0.1807
 Covington,30016,56549,58172.61,0.2359,23844.34,0.4763,0.5237,60016,0.6541,19282,1,0.7333,0.3733,0.1937
 Grayson,30017,24071,97997.64,0.4725,38857.49,0.4567,0.5432,24572,0.7443,7200,0.9897,0.8308,0.2707,0.4902
 Dacula,30019,50891,101072.69,0.5254,36407.54,0.4807,0.5192,54784,0.7128,15406,0.9755,0.8728,0.2442,0.4159
 Clarkston,30021,23497,36372.63,0.1208,15123.64,0.477,0.5229,22973,0.6715,7688,0.8967,0.6597,0.4009,0.2558
 Alpharetta,30022,69422,112777.35,0.5908,54287.74,0.4917,0.5083,70545,0.7197,25909,0.9367,0.759,0.2691,0.671
 Suwanee,30024,82402,113130.02,0.6013,43230.87,0.4701,0.5299,91150,0.6837,26576,0.9726,0.8378,0.2636,0.6326
 Social Circle,30025,9585,74122.55,0.3772,33379.03,0.4835,0.5164,9717,0.6388,3694,0.941,0.8024,0.2351,0.2057
 Cumming,30028,28206,94694.23,0.4877,37660.36,0.5106,0.4893,32482,0.698,9893,0.9932,0.8413,0.2036,0.4255
 Decatur,30030,32033,87718.34,0.4805,53043.4,0.441,0.5589,36290,0.6547,13367,0.9399,0.5895,0.327,0.7067
 Decatur,30032,48616,40873,0.1459,22539.61,0.4663,0.5336,48175,0.6226,20508,0.8913,0.5248,0.5643,0.2517
 Decatur,30033,33916,83966.52,0.4738,48095.05,0.4731,0.5269,36216,0.6779,14461,0.9233,0.5231,0.4112,0.6961
 Decatur,30034,49821,53653.7,0.2324,26424.99,0.4646,0.5353,55126,0.6454,19874,0.8875,0.6503,0.4615,0.2837
 Decatur,30035,24605,44016.03,0.114,23157.37,0.4419,0.5581,27630,0.676,9393,0.9711,0.5888,0.4804,0.2051
 Lithonia,30038,37359,51657.1,0.2183,26052.58,0.4681,0.5319,33517,0.6735,15611,0.9162,0.5299,0.5094,0.3141
 Snellville,30039,49458,75452.52,0.4059,28614.7,0.4601,0.5399,54337,0.6888,16054,0.9534,0.8044,0.3766,0.3328
 Cumming,30040,78715,101117.64,0.5327,41970.08,0.4925,0.5075,93066,0.6991,28206,0.9907,0.7759,0.2223,0.5383
 Cumming,30041,75375,112857.05,0.5778,46264.94,0.4914,0.5086,90344,0.6776,26732,0.9555,0.8392,0.221,0.5983
 Lawrenceville,30043,94336,79606.02,0.3863,31826.5,0.4859,0.5141,101270,0.6726,29593,1,0.7658,0.3375,0.3838
 Lawrenceville,30044,90320,64271.71,0.2869,25283.58,0.49,0.5099,93060,0.6901,28027,0.9468,0.7725,0.3526,0.3149
 Lawrenceville,30045,47617,77552.77,0.3326,28054.4,0.501,0.499,59585,0.6852,13972,0.9834,0.8475,0.34,0.3283
 Lawrenceville,30046,37876,52784.39,0.2252,25368.06,0.4973,0.5027,39083,0.7181,14297,0.9354,0.6689,0.3644,0.2384
 Lilburn,30047,68283,73734.91,0.3666,30232.88,0.5136,0.4864,72390,0.6742,22166,0.9709,0.7825,0.3244,0.3922
 Loganville,30052,72410,69500.6,0.3247,28034.02,0.4886,0.5113,82876,0.6372,24909,0.9514,0.7901,0.2695,0.2848
 Oxford,30054,12597,64296.67,0.3292,28030.05,0.4881,0.5118,13765,0.4972,4529,0.915,0.7295,0.2854,0.1902
 Mansfield,30055,4033,71159.88,0.326,30298.81,0.4746,0.5252,5331,0.5529,1535,0.8612,0.7905,0.243,0.2136
 Newborn,30056,2253,54643.79,0.2282,27365.3,0.4847,0.5149,2159,0.5143,890,0.9258,0.7828,0.2076,0.105
 Lithonia,30058,62265,54329.43,0.2321,25597.58,0.4413,0.5587,69415,0.7107,22044,0.9705,0.6782,0.4729,0.2985
 Marietta,30060,42469,48661.02,0.1938,23375.77,0.5172,0.4828,46542,0.6639,15784,0.9247,0.615,0.4148,0.264
 Marietta,30062,66645,103648.56,0.5534,46866.93,0.4945,0.5055,67488,0.645,24499,0.9626,0.7779,0.24,0.6183
 Marietta,30064,50685,95274.97,0.5115,46088.19,0.4859,0.5141,53829,0.6181,19586,0.948,0.7443,0.2432,0.5173
 Marietta,30066,57600,94433.01,0.4824,44591.87,0.4843,0.5157,61548,0.6923,21754,0.9441,0.7201,0.3011,0.5173
 Marietta,30067,45687,60957.01,0.2953,41858.58,0.4823,0.5177,43789,0.7294,21417,0.9342,0.5071,0.3936,0.5374
 Marietta,30068,32788,123324.68,0.6225,58896.67,0.5019,0.498,33495,0.6355,13137,0.9333,0.7587,0.2028,0.7031
 Porterdale,30070,456,12966.96,0.0526,10125.33,0.4232,0.5746,446,0.1689,260,0.8038,0.5646,0.4223,0.0345
 Norcross,30071,26018,53016.52,0.2281,22078.71,0.5045,0.4955,27438,0.6644,8043,0.9627,0.7368,0.3777,0.2445
 Pine Lake,30072,775,55818.32,0.3249,38694.89,0.3252,0.6735,898,0.807,433,0.9099,0.5635,0.3282,0.4623
 Roswell,30075,52595,124786.13,0.6413,60714.29,0.49,0.5099,50916,0.6531,20912,0.919,0.7669,0.236,0.6661
 Roswell,30076,48748,82594.13,0.4528,41813.24,0.4952,0.5048,52966,0.7443,17846,0.9607,0.6872,0.3745,0.5328
 Snellville,30078,36252,73962.33,0.3339,32783.54,0.4868,0.5132,37825,0.6623,11493,0.982,0.8173,0.3162,0.3724
 Scottdale,30079,3907,53518.76,0.1581,28836.06,0.4364,0.5636,4984,0.7578,1704,0.9466,0.5245,0.6024,0.2934
 Smyrna,30080,57456,73871.09,0.3724,46628.95,0.4946,0.5054,59924,0.7828,28283,0.9025,0.542,0.3741,0.569
 Smyrna,30082,29393,77601.19,0.3924,40684.09,0.478,0.5219,31326,0.7723,13354,0.9156,0.5986,0.3227,0.4547
 Stone Mountain,30083,59586,42296.25,0.1323,20316.97,0.4728,0.5272,63021,0.6678,22931,0.886,0.5889,0.5135,0.2393
 Tucker,30084,40027,70981.82,0.3626,34290.55,0.4932,0.5068,43333,0.6932,15452,0.9539,0.6281,0.3515,0.4324
 Stone Mountain,30087,41920,76851.4,0.3887,37524.61,0.471,0.529,46290,0.6769,15335,0.9712,0.7163,0.3883,0.442
 Stone Mountain,30088,31901,50479.11,0.1564,21857.4,0.4323,0.5677,35625,0.6271,11150,0.9843,0.5713,0.4452,0.2823
 Norcross,30092,37500,63201.2,0.343,41675.55,0.4811,0.5189,40673,0.7146,16164,0.9715,0.5638,0.3722,0.5116
 Norcross,30093,55839,45131.75,0.1178,18683.58,0.5218,0.4782,56009,0.7327,19384,0.9329,0.6264,0.5003,0.1804
 Conyers,30094,35201,73654.75,0.3785,29866.55,0.4672,0.5328,37314,0.583,12361,0.9328,0.787,0.3114,0.2759
 Duluth,30096,67637,56996.1,0.2336,29747.37,0.4768,0.5232,66233,0.6769,27466,0.9467,0.6141,0.3616,0.3983
 Duluth,30097,48175,110898.43,0.5668,54936.04,0.4779,0.5221,50649,0.6855,19013,0.9145,0.7889,0.221,0.6384
 Acworth,30101,60234,93398.07,0.5107,38873.03,0.5023,0.4977,62943,0.6806,20990,0.9643,0.7842,0.2917,0.4315
 Acworth,30102,45133,66963.58,0.3218,29546.08,0.4988,0.5011,51357,0.7203,16232,0.9698,0.6938,0.3188,0.3526
 Adairsville,30103,15584,48328.35,0.2044,23696.5,0.5253,0.4746,14989,0.667,6527,0.9303,0.7167,0.2015,0.1522
 Aragon,30104,5912,63394.46,0.2791,26229.02,0.5213,0.4787,7757,0.6007,1913,0.9216,0.8588,0.2792,0.0964
 Armuchee,30105,1548,46616.54,0.2415,27617.34,0.3773,0.6221,1102,0.5132,913,0.7755,0.6766,0.0921,0.2764
 Austell,30106,23476,55927.02,0.2295,26618.78,0.4431,0.5568,26470,0.6867,8868,0.9499,0.6538,0.3748,0.342
 Ball Ground,30107,13923,78973.75,0.3951,33689.51,0.5333,0.4666,13516,0.641,5263,0.9474,0.7413,0.2141,0.2738
 Bowdon,30108,7722,42302.46,0.1195,21725.98,0.535,0.4649,7964,0.5283,3256,0.9327,0.6615,0.2612,0.1398
 Bremen,30110,14075,49446.37,0.2355,26688.33,0.4769,0.5231,15272,0.6338,5597,0.9196,0.6886,0.2408,0.1797
 Buchanan,30113,6638,51905.46,0.2472,23145.11,0.4946,0.5053,6908,0.4704,2755,0.853,0.7583,0.217,0.0965
 Canton,30114,55771,76731.85,0.3696,34574.25,0.4988,0.5012,59036,0.6549,20467,0.9789,0.738,0.2627,0.3365
 Canton,30115,44845,101110.03,0.5726,38826.98,0.4873,0.5127,50959,0.6555,15112,0.9629,0.8461,0.2683,0.4133
 Carrollton,30116,25822,58077.61,0.2557,27789.73,0.4816,0.5183,28214,0.5985,9659,0.9702,0.7128,0.2413,0.2388
 Carrollton,30117,35922,46925.01,0.2258,24582.77,0.4698,0.5302,36156,0.606,14700,0.9005,0.6588,0.3995,0.2719
 Carrollton,30118,1865,,0,3084.4,0.3062,0.6933,1319,0.6263,0,0,0,0.9995,0
 Cartersville,30120,42219,61849.47,0.2707,28078.71,0.4871,0.5129,44479,0.6248,15976,0.9317,0.7839,0.2492,0.2184
 Cartersville,30121,25224,56593.64,0.2029,26606.72,0.4802,0.5198,27162,0.6222,9812,0.9491,0.6544,0.2522,0.1774
 Lithia Springs,30122,27491,56781.83,0.2134,25970.25,0.4862,0.5138,29917,0.7621,10061,0.9501,0.6246,0.4177,0.3151
 Cave Spring,30124,3065,55080.3,0.2659,26731.4,0.5237,0.476,3268,0.5425,1518,0.8373,0.6546,0.274,0.1742
 Cedartown,30125,23578,42645.16,0.1266,24579.18,0.4891,0.5108,22673,0.5765,10353,0.898,0.6023,0.3314,0.1256
 Mableton,30126,45106,84227.52,0.4643,40647.9,0.4752,0.5248,50637,0.7234,16644,0.9621,0.7545,0.3009,0.4304
 Powder Springs,30127,74788,80549.76,0.416,33757.52,0.4902,0.5098,86337,0.665,24510,0.9678,0.8282,0.3124,0.3848
 Dallas,30132,45320,66672.23,0.3408,28610.27,0.4857,0.5143,53186,0.5858,15702,0.9699,0.7541,0.2708,0.2186
 Douglasville,30134,43445,55533.57,0.2788,23974.76,0.465,0.535,43234,0.6492,15750,0.9484,0.7224,0.3635,0.2475
 Douglasville,30135,70101,77988.44,0.3944,30662.48,0.4783,0.5217,76396,0.6641,24424,0.9481,0.7447,0.2956,0.3162
 Emerson,30137,2153,54213.83,0.1944,25885.6,0.4863,0.5132,2674,0.6075,758,0.9908,0.6764,0.2258,0.1842
 Fairmount,30139,3896,55346.22,0.1248,23892.16,0.5336,0.4661,3616,0.5895,1629,0.841,0.7248,0.2275,0.19
 Hiram,30141,25130,67350.17,0.3266,29767.98,0.4859,0.5141,28066,0.6648,9631,0.9388,0.741,0.2978,0.2246
 Jasper,30143,23574,72402.77,0.3168,34022.85,0.4955,0.5045,25568,0.573,10728,0.8516,0.7239,0.2269,0.2482
 Kennesaw,30144,58174,71913.03,0.318,33697.58,0.4596,0.5404,61830,0.701,21920,0.9666,0.6024,0.4581,0.4637
 Kingston,30145,7262,66184.99,0.2434,27305.11,0.4968,0.5029,7086,0.532,2942,0.9358,0.7399,0.2609,0.1649
 Lindale,30147,5220,52312.48,0.2067,24985.36,0.4653,0.5345,6016,0.5681,1855,0.931,0.8425,0.3156,0.146
 Marble Hill,30148,989,45295.67,0,14675.98,0.5197,0.4793,1412,0.7803,312,0.75,0.9444,0.3762,0.0473
 Mount Berry,30149,2092,107988.78,0.5616,12182.66,0.3102,0.6898,2339,0.7043,81,0.9012,0.6849,0.9482,0.9431
 Kennesaw,30152,43290,93645.59,0.5027,41914.01,0.4821,0.5179,43240,0.6913,15991,0.9507,0.781,0.2821,0.5302
 Rockmart,30153,18820,48492.47,0.2102,22671.76,0.4872,0.5127,19398,0.6742,7291,0.8731,0.707,0.3014,0.1217
 Dallas,30157,49595,66521.89,0.2997,27337.4,0.4622,0.5378,50658,0.6601,18192,0.936,0.7845,0.2842,0.1828
 Rome,30161,33710,42894.62,0.1785,27057.53,0.4756,0.5243,32685,0.5182,15285,0.8922,0.625,0.3022,0.2315
 Rome,30164,0,,0,,0,0,0,0,0,0,0,0,0
 Rome,30165,42555,54422.94,0.2599,27768.79,0.5062,0.4938,44178,0.6151,16973,0.8964,0.7727,0.2921,0.2476
 Austell,30168,25023,48283.58,0.1915,21967.28,0.4635,0.5365,23192,0.8057,10727,0.8602,0.6869,0.4184,0.2328
 Roopville,30170,2663,56518.11,0.1964,27551.58,0.5419,0.4578,2299,0.6448,1328,0.8818,0.579,0.229,0.1507
 Rydal,30171,3442,68366.81,0.2738,30984.24,0.4974,0.5023,3564,0.6658,1323,0.9274,0.74,0.171,0.1149
 Silver Creek,30173,5503,38724.73,0.0891,19499.44,0.4294,0.5704,5200,0.5594,2301,0.8922,0.7594,0.2059,0.0955
 Talking Rock,30175,4675,58184.99,0.2396,27639.53,0.4483,0.5514,3271,0.532,2101,0.8901,0.6818,0.2005,0.2167
 Tallapoosa,30176,6407,44229.6,0.1941,24528.13,0.4646,0.5352,5812,0.5678,3133,0.9323,0.6251,0.1803,0.1814
 Tate,30177,1369,54178.6,0.2482,31571.4,0.683,0.3163,1586,0.6777,548,1,0.6186,0.0807,0.1474
 Taylorsville,30178,2827,50187.2,0.1214,25547.02,0.5242,0.4754,2674,0.3042,1291,0.8552,0.7654,0.3814,0.182
 Temple,30179,19017,64306.11,0.3209,26814.69,0.5064,0.4935,20387,0.6539,6616,0.9958,0.8341,0.2872,0.1661
 Villa Rica,30180,38540,68178.68,0.3364,29140.73,0.4749,0.525,41198,0.6604,13991,0.9483,0.7795,0.2708,0.2555
 Waco,30182,2335,35872.06,0.2071,24996.88,0.4552,0.5448,2135,0.5,1279,0.8984,0.6806,0.3263,0.1394
 Waleska,30183,7104,85768.14,0.5083,33396.91,0.4637,0.5362,8810,0.5417,2441,0.9398,0.8239,0.2945,0.2802
 White,30184,6092,70418.06,0.2727,32228.39,0.4844,0.5154,5214,0.5397,2789,0.8415,0.7375,0.2501,0.2559
 Whitesburg,30185,4661,55227.58,0.1268,22823.2,0.5162,0.4838,5229,0.5466,1740,0.9023,0.7529,0.1668,0.1058
 Winston,30187,7323,73669.4,0.2684,33537.54,0.5206,0.4793,6367,0.5685,3073,0.93,0.7078,0.2036,0.2141
 Woodstock,30188,69082,81529.14,0.4176,39036,0.4806,0.5194,78938,0.7116,27531,0.9577,0.7126,0.2112,0.4332
 Woodstock,30189,39611,90230.94,0.4591,40524.65,0.4911,0.5089,41966,0.7049,15058,0.9714,0.7642,0.2596,0.444
 Barnesville,30204,13224,41713.2,0.1606,20961.82,0.4781,0.5218,13666,0.4928,5269,0.8425,0.5168,0.421,0.1321
 Brooks,30205,2682,91919.91,0.5005,44361.46,0.5022,0.497,2301,0.5665,1250,0.8712,0.7493,0.2162,0.305
 Concord,30206,4401,73756.62,0.3119,26937.64,0.4958,0.5042,5722,0.5983,1515,0.8931,0.6814,0.2523,0.1735
 Fairburn,30213,35491,58001.77,0.1965,24761.96,0.4786,0.5214,40141,0.7272,11543,0.993,0.6576,0.4486,0.2924
 Fayetteville,30214,29439,75751.26,0.368,37013.72,0.4662,0.5337,29486,0.6017,11464,0.9608,0.7012,0.2946,0.3651
 Fayetteville,30215,38902,95876.67,0.4849,42337.11,0.4922,0.5078,43029,0.6376,13144,0.9755,0.8171,0.2735,0.454
 Flovilla,30216,2379,37919.85,0.1123,18663.69,0.5107,0.4889,2372,0.5175,959,0.9656,0.8045,0.4918,0.1126
 Franklin,30217,9227,51782.57,0.1387,22681.56,0.4768,0.5231,8867,0.5716,4248,0.8621,0.7226,0.2224,0.0859
 Gay,30218,1647,60883.61,0.2722,27138.12,0.4833,0.5167,1560,0.6514,803,0.8281,0.8827,0.1556,0.143
 Grantville,30220,5997,61385.92,0.2675,24094.94,0.4654,0.5344,6974,0.6655,2124,0.9539,0.7414,0.3803,0.1585
 Greenville,30222,4162,33440.24,0.0348,16988.48,0.4536,0.5461,4388,0.4357,2036,0.7623,0.6611,0.3928,0.05
 Griffin,30223,36881,43650.04,0.1344,22228.8,0.4872,0.5128,37037,0.5107,15842,0.907,0.6741,0.3319,0.1402
 Griffin,30224,26868,53821.08,0.2583,29471.42,0.477,0.523,29447,0.586,10991,0.9187,0.6506,0.3294,0.2576
 Hampton,30228,45206,67756.65,0.2456,25701.6,0.4483,0.5517,49805,0.659,15646,0.9292,0.7356,0.3389,0.2582
 Hogansville,30230,10546,40097.2,0.1931,21398.6,0.4655,0.5344,12213,0.5165,4130,0.8901,0.7078,0.3097,0.1295
 Jackson,30233,24472,45255.2,0.22,28661.62,0.5559,0.4441,26416,0.4868,9464,0.896,0.6572,0.306,0.1436
 Jenkinsburg,30234,1637,39122.57,0.0776,20391.04,0.2944,0.7049,1157,0.642,843,0.917,0.6701,0.2169,0.1201
 Jonesboro,30236,53016,54665.58,0.2507,24348.95,0.4735,0.5265,58831,0.6606,18547,0.8929,0.7348,0.4187,0.2217
 Jonesboro,30238,40165,52558.17,0.1991,20993.04,0.4578,0.5421,42384,0.6362,13204,0.9432,0.7532,0.4608,0.2212
 Lagrange,30240,29870,45821.77,0.2181,24685.69,0.4591,0.5409,30572,0.6121,12125,0.8887,0.6695,0.3688,0.2706
 Lagrange,30241,24901,44938.72,0.1792,21549.98,0.5006,0.4993,24671,0.5671,9934,0.8769,0.6516,0.3649,0.1384
 Locust Grove,30248,27507,72310.86,0.3168,28504.7,0.4887,0.5113,30930,0.6757,9988,0.9212,0.8591,0.2782,0.2811
 Lovejoy,30250,608,,0,9819.67,0.9211,0.0757,459,0,6,0,0,0.661,0.0893
 Luthersville,30251,2018,44782.32,0.234,22763.91,0.4757,0.5238,1542,0.4459,1021,0.7659,0.7327,0.4146,0.0533
 Mcdonough,30252,51312,88217.33,0.4715,33511.18,0.4846,0.5154,59435,0.6582,16259,0.9609,0.8576,0.303,0.3204
 Mcdonough,30253,54876,70077.1,0.3325,31169.06,0.4599,0.5401,56116,0.6965,20184,0.9614,0.7219,0.3644,0.3077
 Meansville,30256,3117,58992.87,0.3063,25676.35,0.512,0.4876,3773,0.611,1229,0.8023,0.7992,0.2508,0.1949
 Milner,30257,4230,46498.4,0.1769,27825.56,0.5135,0.4863,3853,0.454,1957,0.8983,0.5319,0.217,0.2411
 Molena,30258,3120,49864.2,0.1489,22495.8,0.4619,0.5378,3456,0.48,1191,0.8682,0.6132,0.199,0.0683
 Moreland,30259,3268,72424.65,0.3135,37093.29,0.4902,0.5095,3778,0.6282,1284,0.9541,0.7469,0.2545,0.2137
 Morrow,30260,24422,50086.08,0.1328,19147.72,0.46,0.5399,22182,0.6326,8706,0.8589,0.6573,0.5071,0.2279
 Newnan,30263,62273,59853.18,0.3009,30873.37,0.4828,0.5172,68446,0.6595,24843,0.9383,0.6984,0.3084,0.2633
 Newnan,30265,35926,89000.11,0.4809,39805.17,0.4719,0.5281,37802,0.6844,13629,0.9697,0.7411,0.2837,0.3912
 Palmetto,30268,10846,52134.72,0.2112,24563,0.4289,0.571,11708,0.539,4376,0.9109,0.6633,0.3508,0.2332
 Peachtree City,30269,36952,100908.15,0.5377,52309.37,0.4769,0.5231,38423,0.5895,14966,0.9498,0.7248,0.2177,0.5751
 Rex,30273,15588,61893.69,0.1875,24461.3,0.514,0.486,16929,0.7421,5789,0.8927,0.791,0.3821,0.2508
 Riverdale,30274,37045,43255.5,0.0961,19192.99,0.4601,0.5398,39594,0.6663,14254,0.9242,0.6365,0.4509,0.1707
 Sargent,30275,70,,1,,0.3429,0.6571,140,1,21,1,1,0.7,0
 Senoia,30276,16573,83488.21,0.4002,36519.79,0.5089,0.4911,18480,0.6674,5948,0.957,0.7995,0.2724,0.3325
 Sharpsburg,30277,23141,92942.65,0.5041,38208.55,0.5181,0.4819,24076,0.6541,8121,0.9888,0.8057,0.2211,0.3861
 Stockbridge,30281,67836,60447.22,0.2566,27720.74,0.4872,0.5128,66767,0.6783,27014,0.9189,0.7143,0.3697,0.285
 Sunny Side,30284,135,60478.69,0,10225.26,0.4593,0.5259,200,0.5441,34,1,0.8824,0.2794,0.1887
 The Rock,30285,846,34011.52,0.0712,23386.6,0.4835,0.5154,1199,0.5822,309,1,0.4304,0.2945,0.1244
 Thomaston,30286,21274,35965.41,0.1658,22098.95,0.4749,0.525,19499,0.5279,10337,0.8307,0.5349,0.3238,0.1533
 Conley,30288,8868,55074.32,0.1591,23123.15,0.4904,0.5095,8502,0.6045,3687,0.9425,0.533,0.4252,0.2007
 Turin,30289,176,126612.3,0.7143,33850.64,0.5227,0.4716,273,0.8926,44,0.9545,1,0.3053,0.2308
 Tyrone,30290,8756,103736.36,0.5288,42971.7,0.4978,0.5021,8757,0.6887,3375,0.8948,0.8927,0.1819,0.577
 Union City,30291,21112,41864.44,0.1403,20431.19,0.4577,0.5423,20450,0.7103,9828,0.8785,0.5767,0.4676,0.1348
 Williamson,30292,5230,63480.37,0.3237,24757.99,0.4581,0.5417,4092,0.59,1749,0.9257,0.79,0.2659,0.159
 Woodbury,30293,2735,31453.64,0.1093,20907.2,0.5185,0.4812,2539,0.4356,1578,0.7655,0.5041,0.3609,0.0903
 Ellenwood,30294,43061,65950.48,0.2556,27980.51,0.469,0.531,45251,0.6725,15369,0.9369,0.738,0.4066,0.261
 Zebulon,30295,4275,56302.74,0.2305,23594.67,0.4735,0.5261,4306,0.5378,1670,0.912,0.5968,0.3274,0.1384
 Riverdale,30296,29196,57564.94,0.181,23805.61,0.458,0.5419,30542,0.6585,10064,0.9261,0.7158,0.4514,0.2198
 Forest Park,30297,29406,36517.12,0.0675,16159.64,0.4716,0.5284,31103,0.5646,10894,0.9055,0.6436,0.4887,0.0952
 Atlanta,30303,6919,20635,0.1412,11723.09,0.5382,0.4618,7339,0.4115,1641,0.8678,0.0857,0.8579,0.2325
 Atlanta,30305,25532,103920.23,0.5324,101244.15,0.5142,0.4858,28079,0.7204,15618,0.8622,0.3781,0.3919,0.762
 Atlanta,30306,25233,111758.56,0.5694,86380.38,0.5117,0.4883,27760,0.7794,12065,0.9075,0.4566,0.4428,0.8555
 Atlanta,30307,20790,107348.09,0.5965,72656.3,0.4632,0.5368,22456,0.7737,10177,0.8944,0.5662,0.3868,0.7568
 Atlanta,30308,19545,67819.56,0.3767,59694.99,0.5437,0.4562,21818,0.7875,14130,0.8748,0.1676,0.6388,0.7191
 Atlanta,30309,28301,93762.45,0.4938,89648.86,0.5075,0.4925,33757,0.7983,20548,0.8029,0.3319,0.4931,0.7994
 Atlanta,30310,29014,34545.03,0.1427,23572.53,0.459,0.541,28198,0.6801,15271,0.7832,0.4789,0.5901,0.267
 Atlanta,30311,36796,31424.86,0.1281,23206.09,0.446,0.554,37209,0.5769,18726,0.8107,0.4714,0.5197,0.2196
 Atlanta,30312,24754,58173.99,0.3406,43822.44,0.4713,0.5286,27363,0.7516,14266,0.8773,0.3512,0.5507,0.57
 Atlanta,30313,11866,62359.04,0.2387,18513.55,0.6079,0.392,12637,0.4136,2833,0.8253,0.2596,0.8713,0.4062
 Atlanta,30314,25899,27983.37,0.0782,14029.22,0.4403,0.5596,27903,0.4826,11039,0.6924,0.454,0.7008,0.2099
 Atlanta,30315,36626,30899.83,0.1279,22631,0.4726,0.5274,39208,0.5951,15934,0.8307,0.4723,0.5801,0.2316
 Atlanta,30316,34911,74487.82,0.4468,43733.71,0.5055,0.4944,37692,0.7518,16305,0.8562,0.5171,0.4803,0.4979
 Atlanta,30317,14644,82224.4,0.4816,44595.22,0.4421,0.5578,16145,0.7454,6986,0.8444,0.5986,0.3765,0.574
 Atlanta,30318,58866,52559.93,0.2767,35565.05,0.5342,0.4657,67684,0.6441,27654,0.8367,0.4318,0.5876,0.4721
 Atlanta,30319,44800,106407.89,0.5552,74754.44,0.5083,0.4917,49648,0.7481,22483,0.9178,0.5124,0.3284,0.7807
 Atlanta,30322,2771,,0,3835.81,0.4453,0.5543,2687,0.3464,0,0,0,0.9949,0.2
 Atlanta,30324,27455,75022.96,0.3976,61424.65,0.4932,0.5067,28097,0.7942,16775,0.899,0.2919,0.6268,0.7702
 Atlanta,30326,6880,86336.76,0.4445,87809.39,0.4376,0.5624,8146,0.7975,6212,0.7225,0.2295,0.5213,0.761
 Atlanta,30327,22511,156748.94,0.6698,117671.64,0.4899,0.51,21808,0.6135,10772,0.8705,0.6696,0.2197,0.8523
 Atlanta,30328,40359,90899.84,0.5051,60545.83,0.4747,0.5253,45108,0.7181,19421,0.9322,0.5112,0.3306,0.7524
 Atlanta,30329,28284,58594.07,0.2881,36921.89,0.4628,0.5372,28346,0.7697,12918,0.8801,0.3882,0.5483,0.5406
 Atlanta,30331,68978,48378.88,0.2096,27143.9,0.4334,0.5666,75124,0.6184,28089,0.9063,0.5678,0.5257,0.3147
 Atlanta,30332,2842,,0,2419.87,0.5081,0.4916,2381,0.1875,0,0,0,0.9996,0.56
 Atlanta,30334,0,,0,,0,0,0,0,0,0,0,0,0
 Atlanta,30336,75,12834.23,0.0909,47890.53,0,1,0,0.4022,23,0.9565,0,0.7125,0.4459
 Atlanta,30337,14600,36749.03,0.1491,26042.58,0.4653,0.5346,15910,0.6724,6774,0.8485,0.4859,0.5164,0.2937
 Atlanta,30338,36994,106152.08,0.5652,58691.52,0.4751,0.5249,39743,0.6602,16162,0.9355,0.6616,0.2024,0.7779
 Atlanta,30339,25335,84584.28,0.439,66974.51,0.4683,0.5317,28904,0.7979,15265,0.8821,0.4121,0.4624,0.723
 Atlanta,30340,25964,49933.73,0.2381,24371.29,0.4873,0.5127,22223,0.7236,9872,0.9325,0.5721,0.444,0.3097
 Atlanta,30341,33161,64322.25,0.3645,38501.8,0.5084,0.4916,34439,0.727,13998,0.9175,0.5508,0.4415,0.5604
 Atlanta,30342,30128,91752.53,0.4956,79397.08,0.4698,0.5301,29856,0.7654,14690,0.8911,0.5754,0.3695,0.7106
 Atlanta,30344,32221,43330.84,0.1316,25641.37,0.4613,0.5387,31152,0.7043,16475,0.828,0.4468,0.5305,0.3338
 Atlanta,30345,26589,82105.15,0.4087,48791.21,0.5096,0.4904,28154,0.8022,11223,0.9519,0.5275,0.4288,0.5687
 Atlanta,30346,4765,92399.58,0.4608,66461.92,0.6392,0.3605,4291,0.8189,4040,0.7451,0.3821,0.4745,0.9172
 Atlanta,30349,78361,51782.85,0.2071,25782.43,0.4662,0.5337,85376,0.697,33051,0.8609,0.5765,0.5259,0.323
 Atlanta,30350,41219,69844.16,0.312,50420.46,0.4838,0.5162,44986,0.7607,19485,0.9081,0.5244,0.4493,0.5742
 Atlanta,30354,15519,41518.92,0.0952,20625.15,0.3921,0.6079,14301,0.7119,7906,0.8276,0.5277,0.5592,0.2254
 Atlanta,30360,16059,76166.28,0.3401,32589.19,0.5002,0.4998,16370,0.7403,5492,0.9685,0.7407,0.364,0.3973
 Atlanta,30363,4015,56822.85,0.2679,48631.35,0.6122,0.3875,4845,0.5714,2966,0.7664,0.1091,0.7848,0.7545
 Swainsboro,30401,13680,37938.07,0.1021,18956.86,0.4833,0.5167,13858,0.5371,5917,0.8893,0.6976,0.4408,0.1576
 Ailey,30410,1722,53554.92,0.2226,25310.07,0.5023,0.4977,1742,0.6649,908,0.7324,0.7308,0.1467,0.284
 Alamo,30411,5056,39517.93,0.0889,15842.84,0.5843,0.4155,5184,0.616,1539,0.7966,0.6117,0.4955,0.3115
 Alston,30412,52,50586.52,0.4348,31775.5,0.4231,0.5577,15,0.4746,32,0.7188,0.3913,0.1525,0.0351
 Bartow,30413,1759,42868.53,0.1147,19928,0.3957,0.6038,1572,0.4775,1012,0.586,0.5447,0.3951,0.1043
 Brooklet,30415,6816,55447.69,0.2256,26886.7,0.4272,0.5728,7330,0.6932,3209,0.8701,0.6873,0.269,0.1314
 Claxton,30417,10795,43072.88,0.1767,21526.48,0.5095,0.4905,10793,0.6021,4984,0.8335,0.6825,0.3233,0.1651
 Cobbtown,30420,684,32939.8,0.1017,23681.22,0.3889,0.6096,261,0.4426,512,0.8066,0.5036,0.3867,0.1869
 Collins,30421,2501,47277.16,0.2285,23753.86,0.5102,0.4894,1371,0.5723,1640,0.7018,0.7472,0.1661,0.2202
 Daisy,30423,171,27613.65,0,18290.4,0.6257,0.3684,166,0.4762,36,1,0.3611,0.14,0
 Garfield,30425,1451,54456.1,0.0624,22501.45,0.5183,0.4804,1623,0.6773,621,0.9291,0.6603,0.2449,0.159
 Girard,30426,698,41461.8,0.1429,18369.51,0.5659,0.4341,578,0.5447,278,0.7554,0.9429,0.0996,0.0171
 Glennville,30427,12936,47727.01,0.2373,22377.49,0.5643,0.4356,13728,0.4728,5085,0.885,0.7571,0.2803,0.1576
 Glenwood,30428,3013,32234.3,0.1152,15678.64,0.6767,0.3233,3354,0.3787,1213,0.5153,0.4864,0.4566,0.0173
 Hagan,30429,195,56186.72,0,9328.72,0.2308,0.7641,207,0.2941,27,1,1,0.7941,0.1275
 Louisville,30434,5222,29152.4,0.0786,19694.92,0.517,0.4828,4982,0.5477,2356,0.761,0.6843,0.4626,0.0872
 Lyons,30436,12028,35311.99,0.1882,20743.7,0.4528,0.5471,12237,0.5406,5891,0.7557,0.6689,0.2453,0.1375
 Manassas,30438,11,,0,18592.4,0.5455,0.3636,0,1,33,0.2727,0,0,0
 Metter,30439,10676,34636.96,0.1144,20456.78,0.5013,0.4987,10410,0.5595,4765,0.8474,0.6974,0.2907,0.1196
 Midville,30441,1658,38301.01,0.1164,24581.79,0.547,0.4524,1549,0.4548,862,0.7773,0.6,0.3208,0.1951
 Millen,30442,8075,28353.24,0.0566,14625.1,0.4126,0.5872,8548,0.4586,4303,0.6863,0.6109,0.2601,0.0651
 Mount Vernon,30445,4129,35785.8,0.1427,16038,0.528,0.4715,4532,0.3624,1375,0.8662,0.728,0.3664,0.1206
 Newington,30446,776,37699.4,0.1222,14754.81,0.5735,0.424,83,0.4567,459,0.5882,0.8,0.2749,0.0522
 Nunez,30448,102,95855.35,0.0769,30158.8,0.4216,0.5686,162,0.5732,36,0.7222,0.8077,0.3614,0.2131
 Oliver,30449,184,49530.77,0.14,25078.92,0.4946,0.5054,231,0.7634,67,0.7463,0.64,0.1042,0.0795
 Portal,30450,2120,32785.7,0.0182,15243.91,0.4236,0.5764,2035,0.4681,1046,0.7887,0.6436,0.2306,0.1163
 Pulaski,30451,47,,0.4737,33523.92,0.5319,0.4468,55,0.1951,27,0.7037,0.7368,0.1707,0.3529
 Register,30452,1628,45823.73,0.1197,23461.38,0.3993,0.6001,2032,0.5245,853,0.7245,0.6748,0.1308,0.2657
 Reidsville,30453,11173,33380.72,0.0893,12757.36,0.6876,0.3125,11962,0.2806,3394,0.8447,0.7014,0.4186,0.0815
 Rockledge,30454,938,30163.7,0.1704,19791.67,0.3881,0.6119,1166,0.3887,223,1,0.7444,0.195,0.0155
 Rocky Ford,30455,532,39091.05,0.1147,22410.29,0.5019,0.4962,572,0.4606,301,0.7243,0.8165,0.0873,0.1084
 Sardis,30456,2064,34527.2,0.1377,18877.28,0.4065,0.593,2036,0.5134,1090,0.7862,0.6593,0.3557,0.1211
 Soperton,30457,5492,34404.66,0.0945,24410.11,0.5311,0.4689,4844,0.4353,2846,0.7326,0.6772,0.2778,0.1195
 Statesboro,30458,44359,39796.11,0.1545,21579.66,0.4932,0.5068,45284,0.6297,18200,0.8786,0.5624,0.5191,0.2911
 Statesboro,30460,2795,,0,2741.6,0.4472,0.5524,4169,0.3653,0,0,0,0.9982,0.1368
 Statesboro,30461,14387,58055,0.273,28805.59,0.5187,0.4813,14827,0.6452,6444,0.901,0.6524,0.3249,0.3463
 Stillmore,30464,104,45885.81,0.1905,21650.77,0.4135,0.5769,132,0.4946,25,0.84,0.381,0.3978,0.098
 Sylvania,30467,12127,40153.36,0.1817,23385.86,0.4756,0.5243,12132,0.5294,5986,0.7521,0.6386,0.326,0.1714
 Tarrytown,30470,307,19279.68,0.0909,22963.13,0.6971,0.3029,258,0.7406,174,0.6954,0.3967,0.5205,0.1196
 Twin City,30471,4685,33093.67,0.0835,17099.86,0.5072,0.4926,4028,0.4952,2087,0.8491,0.662,0.2388,0.1324
 Uvalda,30473,2392,45079.14,0.1458,24971.68,0.5184,0.4816,2410,0.5993,1519,0.6412,0.6355,0.2143,0.1078
 Vidalia,30474,16814,44489.45,0.2109,29397.58,0.4602,0.5397,16574,0.5978,7431,0.8282,0.6202,0.2941,0.1695
 Vidalia,30475,0,,0,,0,0,0,0,0,0,0,0,0
 Wadley,30477,2686,33532.65,0.144,19000.25,0.4222,0.5774,2405,0.5422,1314,0.7664,0.5402,0.3324,0.0736
 Gainesville,30501,32346,47814.05,0.2022,23330.69,0.4815,0.5185,36300,0.6527,11871,0.8538,0.6143,0.4047,0.2106
 Gainesville,30504,29265,54177.99,0.2367,25191.9,0.5127,0.4873,33727,0.6073,10134,0.8845,0.7923,0.342,0.1951
 Gainesville,30506,44762,81493.08,0.4117,38104.57,0.4882,0.5118,46125,0.6482,18105,0.8521,0.7816,0.2533,0.3324
 Gainesville,30507,30831,53126.64,0.2368,21126.14,0.5011,0.4989,31730,0.617,9076,0.8574,0.8338,0.3308,0.1374
 Alto,30510,8860,43147.37,0.0984,14816.2,0.4248,0.5751,9171,0.5062,2778,0.8344,0.7092,0.3691,0.1012
 Baldwin,30511,4081,46983.48,0.1643,20709.28,0.5077,0.492,4278,0.5402,1360,0.9353,0.6604,0.2684,0.1016
 Blairsville,30512,22897,50947.16,0.2026,30621.07,0.4856,0.5143,26084,0.4672,13166,0.7125,0.7372,0.1799,0.2188
 Blue Ridge,30513,12632,52829.37,0.2037,30243.83,0.4778,0.5222,13997,0.4784,8638,0.6205,0.5946,0.192,0.237
 Bowersville,30516,2484,39835.45,0.1427,19863.13,0.5354,0.4642,3281,0.4881,1208,0.7889,0.8006,0.2009,0.1467
 Braselton,30517,17356,92230.62,0.4878,44573.96,0.4724,0.5275,21755,0.6716,5950,0.943,0.8054,0.2502,0.4019
 Buford,30518,56591,79745.3,0.4319,31941.47,0.4884,0.5116,63674,0.6684,18560,0.9626,0.7643,0.3267,0.3599
 Buford,30519,49913,88417.87,0.4746,37468.99,0.4902,0.5098,55338,0.6995,15846,0.963,0.802,0.2996,0.3731
 Canon,30520,6110,44160.47,0.2003,19477.43,0.5013,0.4987,7451,0.5321,2122,0.8728,0.8256,0.3998,0.1182
 Carnesville,30521,5292,48244.99,0.2116,23223.8,0.4989,0.5009,5673,0.5763,2405,0.7526,0.8155,0.2102,0.106
 Cherry Log,30522,1054,46286.4,0.1708,33164.53,0.5342,0.4649,1271,0.5609,755,0.6437,0.6626,0.1644,0.1522
 Clarkesville,30523,12588,53033.86,0.2198,30282.2,0.4661,0.5338,13029,0.5604,7347,0.6935,0.5615,0.2536,0.2845
 Clayton,30525,8208,40255.8,0.1518,30892.9,0.4571,0.5429,9594,0.4797,4796,0.6922,0.6892,0.2788,0.2414
 Clermont,30527,4183,57244.91,0.2508,25908.22,0.5075,0.4922,3849,0.5538,1782,0.9085,0.777,0.1978,0.2072
 Cleveland,30528,26528,51148.57,0.1996,26797.93,0.4825,0.5175,29542,0.5608,12663,0.7813,0.7754,0.2281,0.1916
 Commerce,30529,12536,51456.99,0.1858,24527.56,0.4749,0.525,14864,0.6486,5005,0.9315,0.6647,0.323,0.1896
 Commerce,30530,6536,54657.03,0.1702,23761.1,0.4963,0.5035,6448,0.5231,2627,0.9414,0.7113,0.1829,0.1801
 Cornelia,30531,11038,54275.04,0.2383,23013.14,0.5231,0.4768,11470,0.5752,4367,0.8496,0.6782,0.2456,0.1757
 Dahlonega,30533,28118,52868.08,0.2395,27893.3,0.4783,0.5216,30560,0.6022,11381,0.8647,0.6756,0.3538,0.284
 Dawsonville,30534,29480,65343.76,0.3435,32940.73,0.503,0.497,30136,0.6381,13489,0.8084,0.7026,0.2442,0.2856
 Demorest,30535,8072,44608.33,0.161,23936.34,0.4649,0.5349,8598,0.4405,3832,0.8168,0.7166,0.2753,0.2063
 Ellijay,30536,8870,55006.8,0.2081,30153,0.4782,0.5216,9828,0.5588,5334,0.6712,0.643,0.1713,0.2745
 Dillard,30537,1537,55901.03,0.1961,27056.8,0.473,0.5264,1574,0.4391,1689,0.3321,0.6613,0.1583,0.287
 Eastanollee,30538,3689,50070.43,0.2206,26190.67,0.5118,0.4879,4770,0.5575,1565,0.8198,0.8613,0.1635,0.1807
 Ellijay,30540,20803,52494.73,0.1991,25712.67,0.5,0.5,22640,0.5801,10561,0.7586,0.688,0.2156,0.1978
 Epworth,30541,1506,41193.99,0.1614,22317.95,0.5644,0.4349,1467,0.3233,943,0.6045,0.7895,0.2592,0.1262
 Flowery Branch,30542,37781,77795,0.4033,34706.19,0.5028,0.4972,39333,0.6469,14332,0.9119,0.7924,0.2723,0.3217
 Gillsville,30543,4964,62620.51,0.3345,26956.74,0.4676,0.5324,5386,0.5386,1891,0.7335,0.9084,0.2529,0.1747
 Helen,30545,866,45170.96,0.3073,34623.61,0.4561,0.5427,968,0.607,1011,0.4055,0.5098,0.1804,0.3642
 Hiawassee,30546,7568,51049.51,0.1911,29905.07,0.4485,0.5515,8592,0.4509,5777,0.6043,0.6511,0.1195,0.3073
 Homer,30547,3163,53691.36,0.2305,25391.65,0.4878,0.5119,3256,0.6178,1547,0.7628,0.7398,0.1668,0.1389
 Hoschton,30548,20172,89751.7,0.4589,39231.96,0.511,0.489,22284,0.627,7482,0.9448,0.7786,0.1926,0.4048
 Jefferson,30549,26922,68382.79,0.3448,29593.29,0.4803,0.5197,30427,0.5958,9551,0.9237,0.8098,0.2324,0.2622
 Lakemont,30552,1685,44415.64,0.1643,24204.4,0.5448,0.454,1542,0.4219,2007,0.3154,0.5419,0.3631,0.2661
 Lavonia,30553,8622,54031.15,0.1998,29624.13,0.4828,0.517,9770,0.5522,4594,0.7788,0.7236,0.2182,0.2376
 Lula,30554,8228,55318,0.1832,24602.01,0.4973,0.5026,8908,0.6073,3378,0.8434,0.7336,0.3339,0.1593
 Mc Caysville,30555,2369,37713.48,0.2536,25903.06,0.5217,0.4774,2442,0.5206,1276,0.7696,0.7067,0.2153,0.1799
 Martin,30557,5206,49659.3,0.1776,24197.11,0.4531,0.5465,5854,0.4816,2966,0.7195,0.7619,0.2259,0.2252
 Maysville,30558,5330,41921.59,0.1432,20540.67,0.536,0.4638,4769,0.4716,2091,0.8216,0.7317,0.312,0.1137
 Mineral Bluff,30559,4922,41438.78,0.1814,30054.48,0.4405,0.5593,5265,0.4594,2984,0.6873,0.6938,0.1569,0.215
 Morganton,30560,4955,52948.63,0.1676,28738.32,0.538,0.4618,5341,0.4347,3895,0.5792,0.7527,0.0836,0.3372
 Mountain City,30562,1520,33904.83,0.0171,15704.51,0.4586,0.5408,1859,0.3705,620,0.85,0.5825,0.2059,0.1259
 Mount Airy,30563,5660,59861.06,0.2508,23868.93,0.5187,0.4809,5131,0.6199,2096,0.9074,0.7829,0.1797,0.1868
 Murrayville,30564,3361,52223.76,0.1725,25157.13,0.524,0.4758,3015,0.623,1762,0.8388,0.703,0.2116,0.2289
 Nicholson,30565,4568,49171.56,0.1772,24425.04,0.5493,0.4505,4702,0.5807,2018,0.8726,0.6445,0.2129,0.1818
 Oakwood,30566,7535,56305.47,0.244,30611.73,0.4672,0.5327,7126,0.7008,2684,0.9344,0.6926,0.4226,0.2289
 Pendergrass,30567,3738,62150.52,0.2813,30853.35,0.546,0.4537,4154,0.6251,1337,0.896,0.8038,0.1671,0.1508
 Rabun Gap,30568,792,34494.94,0.2322,48740.75,0.8106,0.1869,0,0.2644,1157,0.4131,0.159,0.4284,0.2035
 Sautee Nacoochee,30571,3099,58438.06,0.1829,35625.03,0.5476,0.4521,2316,0.4276,2964,0.581,0.5964,0.1984,0.4356
 Suches,30572,427,36159.51,0.0413,23450.93,0.4286,0.5691,0,0.0144,1562,0.2638,0.5024,0.0833,0.2943
 Tallulah Falls,30573,37,143623.55,0.0833,31620.79,0.4324,0.5405,0,0.6579,59,0.2034,0.25,0.3514,0.3333
 Talmo,30575,2253,58687.21,0.259,22164.4,0.4802,0.5198,3462,0.5452,707,0.9066,0.9267,0.1987,0.1976
 Tiger,30576,2615,48401.89,0.1731,25856.88,0.5136,0.486,2920,0.4117,1562,0.5327,0.6767,0.2235,0.2232
 Toccoa,30577,20021,45044.39,0.1842,22305.95,0.4286,0.5714,17746,0.5618,9502,0.7804,0.6784,0.2719,0.2463
 Wiley,30581,168,,0,,0.4286,0.5655,325,0.1176,31,1,0.3871,0.2868,0
 Young Harris,30582,4655,45361.26,0.113,20203.99,0.4513,0.5484,3988,0.4288,3006,0.6297,0.6846,0.3678,0.3665
 Athens,30601,25087,26250.23,0.0814,16508.22,0.4727,0.5273,27126,0.5929,10999,0.9375,0.4631,0.5629,0.3205
 Athens,30602,3064,,0,2059.2,0.3068,0.6932,3462,0.2431,0,0,0,1,0.6087
 Athens,30605,42566,36580.07,0.1682,22549.67,0.4664,0.5336,44520,0.6209,18138,0.9763,0.4383,0.58,0.5293
 Athens,30606,46653,52848.31,0.3104,35342.49,0.5072,0.4928,51183,0.6753,20197,0.9515,0.5664,0.4176,0.5062
 Athens,30607,9828,54535.51,0.2112,24848.87,0.4831,0.5168,8022,0.6873,3668,0.9978,0.6995,0.4376,0.2838
 Athens,30609,2378,,0,3106.01,0.4861,0.513,2556,0.2683,0,0,0,0.9992,0
 Arnoldsville,30619,1155,54704.65,0.1058,27455.55,0.4597,0.5394,1039,0.6939,720,0.8139,0.5358,0.1355,0.1974
 Bethlehem,30620,15029,68293.46,0.2662,26548.76,0.462,0.5378,17399,0.6363,5289,0.9306,0.7568,0.2899,0.1767
 Bishop,30621,5569,104913.29,0.5664,45837.16,0.469,0.531,5649,0.6407,2123,0.9397,0.8521,0.2061,0.5101
 Bogart,30622,12918,66327.92,0.3324,35947.07,0.5468,0.4532,15322,0.6024,5301,0.9653,0.6985,0.2127,0.4678
 Bostwick,30623,0,92927.54,0,29648.98,0,0,0,0,3,1,0,0,0
 Bowman,30624,3367,41562.69,0.2055,18504.14,0.5224,0.4773,3515,0.583,1195,0.8552,0.7114,0.2476,0.0833
 Buckhead,30625,2140,68209.2,0.2885,33392.07,0.4972,0.5023,1906,0.6647,1267,0.6811,0.9096,0.2143,0.2574
 Carlton,30627,2688,41817.64,0.2315,23332.34,0.4766,0.5227,3201,0.4998,1423,0.7498,0.7179,0.2572,0.1735
 Colbert,30628,7282,66523.38,0.401,26869.25,0.5128,0.4871,7307,0.6924,2467,0.921,0.8415,0.2753,0.1986
 Comer,30629,5034,48296.12,0.1688,22920.89,0.5451,0.4547,5542,0.5936,1956,0.9571,0.6966,0.2776,0.1756
 Crawford,30630,2271,39370.19,0.1002,23058.74,0.4029,0.5967,2345,0.5091,1023,0.9462,0.5434,0.3754,0.1111
 Crawfordville,30631,1500,36691.13,0.1388,21900.6,0.5047,0.4953,1143,0.4656,960,0.5177,0.8048,0.4407,0.063
 Danielsville,30633,9268,54358.63,0.1588,24360.54,0.4692,0.5306,9643,0.613,3753,0.886,0.7844,0.212,0.2052
 Dewy Rose,30634,2084,32867.29,0.0568,17820.05,0.5216,0.4784,2347,0.4589,1285,0.6856,0.6822,0.0843,0.0465
 Elberton,30635,14605,39302.03,0.1633,24300.65,0.4712,0.5287,14061,0.5614,7792,0.7577,0.6474,0.3155,0.134
 Good Hope,30641,1973,44873.72,0.1732,26981.42,0.4065,0.5935,2016,0.6299,1067,0.8332,0.6344,0.1515,0.2959
 Greensboro,30642,12808,58876.63,0.3403,46135.35,0.4749,0.5251,14207,0.4649,7600,0.7154,0.7041,0.2323,0.3346
 Hartwell,30643,14419,41631.84,0.1498,23608.83,0.4637,0.5363,12113,0.4715,8091,0.6808,0.6585,0.2779,0.1679
 Hull,30646,6868,52714.44,0.2091,26068.49,0.4709,0.529,7308,0.6889,3118,0.9217,0.8577,0.2159,0.26
 Lexington,30648,2895,42311.4,0.2007,24787.24,0.5416,0.458,2608,0.6145,1200,0.9175,0.6485,0.1854,0.128
 Madison,30650,12578,66893.18,0.3524,36217.64,0.5087,0.4912,13725,0.6021,5245,0.9056,0.7133,0.2934,0.2152
 Monroe,30655,27349,49893.85,0.1918,24131.2,0.4771,0.5228,30223,0.5959,9877,0.9804,0.7199,0.3519,0.2092
 Monroe,30656,15407,64220.74,0.3364,29520.73,0.4999,0.5,15038,0.6329,5917,0.928,0.7363,0.2641,0.2709
 Rayle,30660,1270,40904.4,0.1582,14756.4,0.6661,0.3331,1380,0.4951,590,0.5356,0.8829,0.3449,0.0313
 Royston,30662,9109,34967.04,0.122,21340.34,0.526,0.4739,9378,0.5156,3957,0.8537,0.6024,0.3097,0.1416
 Rutledge,30663,2970,48950.2,0.197,22588,0.4468,0.5529,2705,0.5261,1153,0.9688,0.7395,0.2917,0.1372
 Sharon,30664,17,48172.69,0,31888.44,0.8235,0.1765,4,0.5882,23,0.5652,0.1538,0,0
 Siloam,30665,50,28510.97,0,8617.8,0.36,0.62,0,0.4815,38,0.5526,0.4286,0.44,0
 Statham,30666,11189,64896.54,0.3108,28692.27,0.5395,0.4604,12421,0.6263,3841,0.9576,0.8197,0.2657,0.2636
 Stephens,30667,853,65429.98,0.2981,27526.23,0.5111,0.4877,693,0.5329,486,0.6626,0.7391,0.2293,0.2098
 Tignall,30668,1464,39757.63,0.1057,25044.44,0.4604,0.5389,1350,0.5277,1257,0.5569,0.6586,0.2381,0.1752
 Union Point,30669,3309,31786.44,0.1162,18255.7,0.5141,0.4856,3267,0.4899,1561,0.8546,0.5465,0.3692,0.101
 Washington,30673,7228,37485.99,0.1882,27184.38,0.4733,0.5266,6800,0.5388,3711,0.8006,0.5725,0.3813,0.1193
 Watkinsville,30677,19255,82661.59,0.4842,44143.36,0.4623,0.5376,20600,0.6849,7490,0.9582,0.7858,0.2386,0.5378
 White Plains,30678,1342,64483.07,0.2845,31018.12,0.5775,0.4218,1309,0.5255,791,0.6043,0.7824,0.3927,0.1673
 Winder,30680,46717,59245.36,0.2377,23863.82,0.4804,0.5196,52313,0.6477,16534,0.9392,0.7534,0.2635,0.1899
 Winterville,30683,6472,46087.4,0.1584,25691.71,0.5051,0.4947,6156,0.5796,3228,0.8312,0.5822,0.2791,0.2792
 Calhoun,30701,41638,46571.04,0.1956,23922.52,0.4908,0.5092,43392,0.6371,15708,0.947,0.7494,0.2831,0.1625
 Chatsworth,30705,33843,49963.48,0.1767,22169.83,0.4962,0.5037,34080,0.5983,13423,0.8768,0.757,0.2046,0.0969
 Chickamauga,30707,16593,55001.54,0.2369,27785.74,0.4914,0.5086,17481,0.6418,7167,0.8913,0.6828,0.2237,0.1795
 Cisco,30708,202,105734.23,0.6341,38428.86,0.4356,0.5594,154,0.9091,102,0.8039,0.7073,0.3295,0
 Cohutta,30710,7468,68360.47,0.3277,29939.43,0.5139,0.4861,8206,0.6214,2847,0.9002,0.8627,0.2155,0.2584
 Crandall,30711,3407,49129.19,0.1354,23466.03,0.4922,0.5075,3343,0.6581,1690,0.8432,0.6281,0.2653,0.0976
 Dalton,30720,27400,53804.64,0.2037,26869.52,0.483,0.517,26342,0.5986,10372,0.8874,0.7226,0.2864,0.2559
 Dalton,30721,54045,43110.03,0.124,20267.82,0.4995,0.5005,54575,0.6228,20684,0.9089,0.6741,0.3036,0.1051
 Flintstone,30725,4762,50293.85,0.1851,25017.86,0.5071,0.4929,5246,0.5347,1882,0.8411,0.8181,0.2399,0.2736
 Graysville,30726,0,,0,,0,0,0,0,24,0,0,0,0
 La Fayette,30728,20799,41184.2,0.1233,21810.69,0.5076,0.4923,21094,0.5766,8740,0.8748,0.7354,0.267,0.12
 Lyerly,30730,1779,40972.02,0.1379,27989.15,0.4688,0.5306,1664,0.516,871,0.8657,0.7321,0.2308,0.1869
 Menlo,30731,2042,40562,0.314,28399.48,0.4809,0.5186,1594,0.6279,1263,0.7086,0.7285,0.1986,0.1545
 Plainville,30733,1918,34376.28,0.102,17964.76,0.5339,0.4656,1588,0.5586,766,0.9595,0.6381,0.2176,0.13
 Ranger,30734,4055,46539.92,0.2548,24024.54,0.4853,0.5144,4644,0.6561,1874,0.8063,0.73,0.0277,0.2042
 Resaca,30735,7104,47811.97,0.1858,29285.54,0.5044,0.4955,8367,0.5961,2744,0.9355,0.7585,0.179,0.0962
 Ringgold,30736,43683,66935.89,0.315,30338.69,0.4928,0.5072,45063,0.6331,17653,0.9129,0.7641,0.2326,0.2795
 Rising Fawn,30738,3596,47048.6,0.167,30023.7,0.4032,0.5962,3481,0.5165,1975,0.7792,0.7083,0.1514,0.1682
 Rock Spring,30739,7770,69847.48,0.3212,25249.38,0.5274,0.4725,9742,0.5618,2670,0.9468,0.7793,0.2707,0.2133
 Rocky Face,30740,8423,57116.79,0.2998,36979.8,0.5289,0.471,8479,0.5799,3788,0.9105,0.7199,0.2043,0.21
 Rossville,30741,27319,40230.29,0.1215,22786.78,0.46,0.54,24930,0.5322,13131,0.8326,0.6104,0.2356,0.1152
 Fort Oglethorpe,30742,7768,45012.8,0.1431,21401,0.4328,0.5671,7629,0.5265,3566,0.8561,0.5752,0.3003,0.132
 Sugar Valley,30746,762,44123.42,0.1557,25352.23,0.4843,0.5144,265,0.4156,437,0.8673,0.6438,0.1271,0
 Summerville,30747,15606,36693.56,0.1112,18219.89,0.5434,0.4565,15348,0.4432,6639,0.8278,0.6081,0.2925,0.1108
 Lookout Mountain,30750,4585,69516,0.4246,33464.88,0.4805,0.5193,4395,0.6333,1493,0.8393,0.7821,0.4278,0.5209
 Tennga,30751,38,54025.95,0,28545.24,0,1,32,0.3023,18,1,1,0,0
 Trenton,30752,8324,41152,0.1713,24707.86,0.5006,0.4993,8042,0.5258,3936,0.8692,0.6919,0.1925,0.107
 Trion,30753,7037,38948.03,0.0903,17390.68,0.4786,0.5212,7042,0.5914,3115,0.8212,0.5938,0.2027,0.0744
 Tunnel Hill,30755,10026,53952.17,0.1693,24727.69,0.4601,0.5398,11475,0.6123,3528,0.9997,0.7806,0.2183,0.1316
 Varnell,30756,117,19372.55,0,9802.4,0.5385,0.453,66,0.5641,84,0.9048,0.7368,0.2179,0
 Wildwood,30757,2178,28204.28,0.0721,26263.65,0.5505,0.449,2186,0.4889,1221,0.8182,0.7578,0.1833,0.3022
 Appling,30802,6408,66549.8,0.3346,26784.6,0.5694,0.4304,6958,0.5048,2730,0.6623,0.5658,0.3526,0.1965
 Avera,30803,1143,48335.29,0.0912,16347.4,0.4689,0.5302,1422,0.5689,409,0.7237,0.6723,0.2818,0.0702
 Blythe,30805,2395,39847.07,0.1498,25148.11,0.4326,0.567,2026,0.5283,998,0.9228,0.683,0.2946,0.1052
 Camak,30807,54,32365.08,0.0606,24442.23,0.5185,0.463,2,0.4074,57,0.5789,0.5758,0.1481,0
 Dearing,30808,4633,44880.58,0.1331,18176.61,0.4859,0.5139,5083,0.5232,1755,0.8046,0.7599,0.3035,0.1048
 Evans,30809,49888,109016.9,0.6197,40807.02,0.4865,0.5136,55317,0.6204,17112,0.8542,0.7879,0.3016,0.4646
 Gibson,30810,1922,49655.8,0.1813,23270.56,0.4703,0.5291,1821,0.4696,1083,0.6621,0.6709,0.3986,0.1199
 Gracewood,30812,407,,0,10798.8,0.7838,0.2138,448,0.0147,0,0,0,0.2727,0.07
 Grovetown,30813,49965,78176.68,0.3615,29250.25,0.5207,0.4793,61485,0.6777,19048,0.7908,0.7232,0.2777,0.283
 Harlem,30814,8582,59391.7,0.2845,23021.17,0.5267,0.4732,8814,0.5058,3586,0.6587,0.6185,0.3427,0.1014
 Hephzibah,30815,41279,53000.03,0.1722,23260.09,0.4558,0.5442,42138,0.6371,16822,0.8669,0.7115,0.3797,0.1724
 Keysville,30816,1930,64859.2,0.3477,30539.05,0.4394,0.5601,1956,0.4816,1137,0.7159,0.7408,0.1812,0.1238
 Lincolnton,30817,7881,41476.29,0.176,27349.13,0.4611,0.5386,8256,0.5304,4647,0.7375,0.6137,0.2458,0.1593
 Matthews,30818,577,81026.45,0.5606,26387.75,0.4021,0.5979,467,0.5752,199,0.995,0.5,0.4263,0.0033
 Mitchell,30820,967,35868.63,0.0667,19420.9,0.5253,0.4736,699,0.5187,566,0.689,0.4256,0.1536,0.1372
 Norwood,30821,771,52796.19,0.1828,31854.7,0.5318,0.4669,726,0.5,566,0.6572,0.6935,0.2544,0.1884
 Perkins,30822,359,24843.91,0,15304,0.8357,0.1616,0,0.9934,290,1,0.1862,0.2901,0.0579
 Stapleton,30823,1535,36673.54,0.1069,20106.46,0.4951,0.5042,1265,0.6235,658,0.6824,0.6637,0.5089,0.1693
 Thomson,30824,16861,40706.5,0.163,22833.92,0.4404,0.5595,16451,0.5744,7635,0.8823,0.6596,0.3462,0.1501
 Warrenton,30828,4075,34871.33,0.1128,23473.39,0.468,0.5318,3934,0.5462,2193,0.8568,0.6631,0.3611,0.1153
 Waynesboro,30830,13600,45957.11,0.2071,22846.65,0.4722,0.5278,12970,0.5948,5785,0.8379,0.7613,0.29,0.1798
 Wrens,30833,3368,35447.08,0.151,19448.9,0.4846,0.5151,3429,0.529,1783,0.7835,0.612,0.3951,0.1888
 Augusta,30901,16713,22205.61,0.0505,14151.79,0.4714,0.5286,17348,0.4634,7808,0.8062,0.4848,0.4773,0.113
 Augusta,30903,725,33103.43,0.0887,18665.61,0.3462,0.6524,714,0.7692,282,1,0.8262,0,0.6762
 Augusta,30904,25834,34273.2,0.1463,23951.07,0.4592,0.5407,26548,0.6242,11956,0.8532,0.5295,0.4629,0.3002
 Augusta,30905,7774,55425.74,0.2782,22162.67,0.7151,0.2849,7567,0.8922,1045,0.8048,0.8882,0.6901,0.2945
 Augusta,30906,58490,37388.8,0.1061,17761.6,0.4977,0.5023,57429,0.561,23189,0.8306,0.6698,0.4269,0.1155
 Augusta,30907,52044,68833.14,0.3189,34897.57,0.4563,0.5437,52092,0.6364,23366,0.7626,0.6396,0.2929,0.3877
 Augusta,30909,42662,53551.18,0.2034,31126.69,0.4562,0.5438,43034,0.6568,23025,0.7339,0.5497,0.4113,0.3545
 Augusta,30912,98,,0,17536.15,0.6939,0.2959,0,0.0204,0,0,0,0.7449,0
 Abbeville,31001,4463,32288.83,0.0989,11062.05,0.7275,0.2725,4244,0.2015,1344,0.6168,0.7419,0.5001,0.1186
 Adrian,31002,3407,27267.18,0.08,15430.45,0.5172,0.4828,4078,0.5349,1276,0.8229,0.7086,0.3203,0.0704
 Allentown,31003,41,37498.3,0,16819.6,0.6585,0.3171,0,0.8788,37,0.2703,1,0.0909,0.2083
 Bonaire,31005,17869,83176.76,0.4219,34907.56,0.4586,0.5414,18029,0.6535,6580,0.9199,0.8321,0.2161,0.3501
 Butler,31006,4434,32467.43,0.1329,21957.05,0.4434,0.5564,4388,0.5762,2716,0.7784,0.622,0.3774,0.0833
 Byromville,31007,1171,36040.93,0.214,21850.13,0.5722,0.4278,1332,0.3754,518,0.8571,0.6824,0.321,0.0868
 Byron,31008,18370,58499.43,0.2517,27613.21,0.4958,0.5041,18727,0.5756,8034,0.9232,0.6482,0.3086,0.1871
 Cadwell,31009,1144,28736.35,0.1065,18127,0.4816,0.5175,836,0.4638,603,0.7164,0.5764,0.2957,0.1309
 Chauncey,31011,755,62419.28,0.061,26757.98,0.5735,0.4252,667,0.3839,415,0.8289,0.7529,0.1899,0.2086
 Chester,31012,3033,27323.2,0.0471,7815.79,0.6934,0.3063,3117,0.2244,669,0.7294,0.8197,0.5169,0.0767
 Cochran,31014,13049,45505.39,0.1625,19685.4,0.4608,0.5391,12606,0.4716,5627,0.7668,0.6313,0.3878,0.1704
 Cordele,31015,21114,35672.17,0.1484,23162.45,0.4783,0.5216,20361,0.5831,10106,0.7674,0.6401,0.4003,0.1368
 Culloden,31016,2528,48295.69,0.1469,19745.21,0.4252,0.574,3460,0.5144,871,0.7738,0.684,0.2125,0.0845
 Danville,31017,2111,45121.5,0.1799,21802.05,0.5277,0.4718,2561,0.4735,1015,0.6847,0.7022,0.285,0.131
 Davisboro,31018,2729,43459.13,0.1874,11063,0.7999,0.1997,2864,0.2346,522,0.8487,0.4921,0.6216,0.0444
 Dexter,31019,1995,37092.62,0.1899,20647.6,0.3945,0.605,1697,0.6166,890,0.8876,0.6582,0.2023,0.2096
 Dry Branch,31020,1161,26322.96,0,16686.36,0.4548,0.5444,234,0.497,1123,0.5512,0.412,0.0231,0.1086
 Dublin,31021,28231,40790.11,0.1616,22576.02,0.4724,0.5276,28524,0.4912,12159,0.8093,0.6672,0.3701,0.1846
 Dudley,31022,1890,49188.19,0.1615,21055.86,0.4614,0.5381,2176,0.6335,797,0.8156,0.7738,0.2227,0.2179
 Eastman,31023,14392,38857.88,0.1854,21832.76,0.4954,0.5045,14611,0.505,6961,0.765,0.6749,0.2519,0.1702
 Eatonton,31024,20680,53043.69,0.221,30100.59,0.4722,0.5278,21039,0.5361,12502,0.6821,0.7016,0.2636,0.2535
 Elko,31025,503,86660.86,0.5916,54654.16,0.5706,0.4274,0,0.562,340,0.7706,0.6336,0.0984,0.2758
 East Dublin,31027,8173,37029.5,0.1325,21328.59,0.4845,0.5155,6790,0.5272,4798,0.6686,0.6178,0.4308,0.1476
 Centerville,31028,7090,55599.81,0.216,30575.62,0.5034,0.4965,8396,0.637,2890,0.9612,0.7009,0.2859,0.2772
 Forsyth,31029,15896,54205.28,0.3195,30765.64,0.4808,0.5191,14831,0.5582,6403,0.8602,0.5813,0.306,0.2893
 Fort Valley,31030,17466,35401.82,0.1556,20730.3,0.5043,0.4956,16755,0.4597,7762,0.8048,0.6482,0.4586,0.1703
 Gordon,31031,6995,34143.61,0.1337,19189.72,0.4272,0.5727,7939,0.5982,3034,0.8283,0.6267,0.2731,0.1669
 Gray,31032,16146,61937.6,0.2417,26541.58,0.4802,0.5197,17972,0.5516,6264,0.9248,0.7414,0.2401,0.213
 Haddock,31033,1783,61136.05,0.0484,24226.92,0.5805,0.419,1478,0.6932,599,1,0.6895,0.1636,0.1544
 Harrison,31035,938,43165.8,0.1218,21402.41,0.5277,0.4723,459,0.5189,494,0.7976,0.6701,0.2838,0.2313
 Hawkinsville,31036,11755,45097.2,0.2347,23120.37,0.4899,0.5101,10869,0.394,4794,0.8018,0.6623,0.3152,0.151
 Helena,31037,3761,31173,0.1003,12897.9,0.5605,0.4395,2895,0.3664,1678,0.7187,0.7753,0.4496,0.0309
 Hillsboro,31038,342,54277.15,0.1518,27043.08,0.3655,0.6316,2,0.9279,192,0.5833,0.5982,0.2273,0.0611
 Howard,31039,0,,0,,0,0,0,0,0,0,0,0,0
 Ideal,31041,449,29948.3,0.0547,21052.25,0.3207,0.6793,54,0.4685,484,0.4153,0.5622,0.375,0.032
 Irwinton,31042,1176,48469.2,0.2247,27790,0.4966,0.5026,693,0.639,870,0.5575,0.6866,0.4508,0.0867
 Jeffersonville,31044,3352,36925.51,0.1302,22022.22,0.4567,0.5433,3275,0.4381,1419,0.7632,0.65,0.2609,0.2226
 Jewell,31045,9,,0,11658.78,0.1111,0.7778,0,0.6667,11,0.2727,1,0,0
 Juliette,31046,3507,48857.43,0.3084,33649.33,0.5982,0.4018,3984,0.5266,1569,0.9031,0.5646,0.2494,0.1902
 Kathleen,31047,16363,89375.1,0.4385,35897.25,0.5021,0.4979,19636,0.7032,6068,0.9283,0.7958,0.2981,0.3584
 Kite,31049,2078,43641.4,0.1198,18111.4,0.4471,0.5529,2352,0.5824,882,0.7857,0.6926,0.2254,0.1016
 Knoxville,31050,538,41031.27,0.1392,22392.98,0.5651,0.4331,0,0.4357,350,0.78,0.4103,0.2732,0.1547
 Lilly,31051,121,25260.85,0.1,17060.12,0.5372,0.4545,57,0.4538,70,0.5714,1,0.5077,0.1067
 Lizella,31052,8692,65417.02,0.2757,29501.41,0.494,0.5059,8582,0.5951,3374,0.9363,0.7123,0.1779,0.2389
 Mc Intyre,31054,1363,49414.49,0.2443,24922.97,0.5569,0.4417,1009,0.6519,731,0.6553,0.6305,0.3314,0.2239
 Mc Rae,31055,8536,29251.57,0.0616,15491.03,0.6009,0.399,8834,0.3972,3406,0.6004,0.6944,0.5982,0.055
 Marshallville,31057,2209,24268.29,0.1628,20194.66,0.445,0.5546,2302,0.5815,1171,0.7763,0.5523,0.3265,0.181
 Mauk,31058,1742,42738.46,0.0633,20003.25,0.4931,0.5057,2083,0.4538,765,0.9699,0.7102,0.1194,0.1654
 Milan,31060,1381,45782.83,0.3241,28686.58,0.5047,0.4946,552,0.4536,1195,0.5113,0.5876,0.1816,0.2082
 Milledgeville,31061,43043,44214.18,0.1624,22525.81,0.5051,0.4949,42056,0.5663,20594,0.7807,0.5895,0.4159,0.2628
 Milledgeville,31062,485,,0,9929.07,0.9691,0.0289,478,0.0474,21,0,0,0.532,0.0525
 Montezuma,31063,4649,36037.54,0.1327,19556.89,0.4465,0.553,3990,0.5573,2501,0.7561,0.715,0.4069,0.1121
 Monticello,31064,9336,46229.02,0.1512,22075.56,0.475,0.5249,9399,0.4826,4730,0.7564,0.7272,0.1681,0.137
 Montrose,31065,1433,52614.22,0.1389,25134.9,0.5178,0.4815,1933,0.488,654,0.8914,0.6261,0.2583,0.0829
 Musella,31066,1185,66377.22,0.1804,25943.76,0.5477,0.4523,760,0.4936,431,0.8747,0.5968,0.3244,0.0324
 Oconee,31067,250,65751.11,0.3152,25720.54,0.576,0.424,236,0.3602,116,0.7931,0.7609,0.1058,0.0421
 Oglethorpe,31068,5296,32911.79,0.1386,15067.22,0.6958,0.304,5451,0.2929,1758,0.8703,0.6118,0.568,0.0363
 Perry,31069,20307,54204.79,0.212,25883.07,0.5026,0.4974,20568,0.637,8682,0.892,0.7169,0.2964,0.2664
 Pinehurst,31070,1167,74421.27,0.2945,29899.24,0.5321,0.467,1376,0.6282,463,0.9093,0.8076,0.2709,0.1517
 Pineview,31071,1376,39950.86,0.1495,18326.8,0.4244,0.5749,1647,0.5054,543,0.9484,0.5806,0.3756,0.0574
 Pitts,31072,1262,55177.54,0.2649,25489.96,0.6212,0.378,1152,0.6161,648,0.804,0.739,0.254,0.1219
 Rentz,31075,2918,37642.8,0.1228,17834.78,0.5031,0.4966,3043,0.5109,1335,0.7506,0.7385,0.2151,0.0803
 Reynolds,31076,3119,35846.59,0.1045,18733.46,0.5563,0.4434,2876,0.4276,1787,0.7012,0.5299,0.3566,0.175
 Rhine,31077,1434,40745.94,0.0875,21396.97,0.4756,0.5237,1506,0.4849,835,0.7114,0.6313,0.2912,0.1364
 Roberta,31078,2775,30426.35,0.1481,21119.87,0.3654,0.6339,2495,0.3962,1567,0.6981,0.5832,0.3534,0.1084
 Rochelle,31079,2166,38036.84,0.1409,21974.8,0.4026,0.597,2114,0.5556,1185,0.7367,0.6907,0.2312,0.1812
 Rupert,31081,0,29453.49,0,5769.03,0,0,0,0,0,0,0,0,0
 Sandersville,31082,9253,39166,0.1184,23026.66,0.4653,0.5346,8456,0.5058,4760,0.8017,0.7112,0.3063,0.1645
 Scotland,31083,437,32901,0.0076,16343,0.5492,0.4508,526,0.4375,176,0.7443,0.7176,0.3059,0
 Seville,31084,49,31363.18,0,29896.53,0.9796,0,56,0.9184,70,0.5143,0.5278,0,0.2838
 Shady Dale,31085,1226,56988.61,0.1895,22950.72,0.5082,0.4918,1300,0.5881,443,0.9052,0.793,0.3424,0.0583
 Sparta,31087,8436,33158.11,0.1424,17818.26,0.6066,0.3934,7981,0.2477,5526,0.5682,0.6166,0.4693,0.0817
 Warner Robins,31088,59818,62965.1,0.3162,31017.59,0.4678,0.5322,68284,0.7008,23935,0.9323,0.7149,0.3469,0.352
 Tennille,31089,4532,36551.33,0.0574,21149.91,0.4667,0.5333,4389,0.5614,2390,0.8163,0.6909,0.3253,0.0881
 Toomsboro,31090,1285,25851.4,0.0922,30121.71,0.4794,0.5198,1818,0.2988,612,0.7092,0.6682,0.2848,0.092
 Unadilla,31091,3985,37863.66,0.2318,18912.81,0.5782,0.4213,3187,0.3537,1681,0.8007,0.5201,0.3987,0.0933
 Vienna,31092,6966,40793.87,0.1893,25152.06,0.5227,0.4772,6873,0.5826,3518,0.7675,0.7348,0.3638,0.163
 Warner Robins,31093,25787,44474.99,0.1538,22997.77,0.5023,0.4977,21193,0.6104,12616,0.8637,0.6416,0.3294,0.1865
 Warthen,31094,1250,52592.36,0.053,20361.82,0.5136,0.4856,1385,0.4252,646,0.7307,0.8962,0.1987,0.1448
 Wrightsville,31096,6917,41201.21,0.1415,23097.82,0.6112,0.3886,6817,0.5532,3126,0.8317,0.6512,0.4205,0.101
 Yatesville,31097,1600,54813,0.1553,23738.4,0.4788,0.5206,1784,0.498,640,0.8047,0.6796,0.2367,0.1069
 Warner Robins,31098,3714,69586.27,0.2223,25142.19,0.545,0.4548,4067,0.7719,1100,0.9527,0.7748,0.3447,0.3449
 Macon,31201,7877,23744.67,0.132,20802.54,0.5423,0.4575,7196,0.4445,4336,0.7532,0.252,0.613,0.2694
 Macon,31204,29993,34953.44,0.1379,20814.97,0.4176,0.5824,30446,0.5372,15140,0.7663,0.5274,0.4151,0.2531
 Macon,31206,23645,28755.61,0.1231,17817.59,0.4585,0.5415,18455,0.5952,11511,0.78,0.5636,0.5032,0.0968
 Macon,31207,1083,,0,3101.68,0.4691,0.5291,1068,0.5836,1,0,0,0.9972,0.9286
 Macon,31210,35430,63050.28,0.3061,41006.24,0.4744,0.5256,37455,0.6164,15660,0.9262,0.5986,0.3559,0.4809
 Macon,31211,14898,35427.47,0.1431,24651,0.4909,0.5091,13751,0.5293,7783,0.8226,0.5331,0.4038,0.209
 Macon,31213,0,,0,,0,0,0,0,0,0,0,0,0
 Macon,31216,17076,61955.78,0.2505,26105.63,0.5289,0.4711,17520,0.5269,6454,0.9427,0.795,0.2828,0.1697
 Macon,31217,15627,33261.45,0.0809,17114,0.4643,0.5357,13550,0.4813,7345,0.7941,0.6383,0.3997,0.088
 Macon,31220,15865,63580.51,0.327,34520.91,0.4616,0.5384,18184,0.662,6562,0.9105,0.673,0.2915,0.3312
 Allenhurst,31301,3141,39104.97,0.1539,24914.22,0.5664,0.4336,1925,0.7019,2306,0.7524,0.3977,0.5096,0.1349
 Bloomingdale,31302,6994,53785.6,0.1792,27691.4,0.4884,0.5114,5167,0.6326,3681,0.9261,0.5817,0.2295,0.1381
 Clyo,31303,2896,75092.33,0.3623,26873.94,0.4282,0.5715,3437,0.7696,1031,0.9049,0.8135,0.3916,0.1384
 Crescent,31304,35,,0,,1,0,70,1,187,0.1872,0,0,0
 Darien,31305,4499,43496.28,0.1129,25775.46,0.4919,0.5079,1932,0.5386,2945,0.7851,0.6791,0.2685,0.1812
 Eden,31307,808,76640.35,0,24756.4,0.7785,0.2215,513,0.8745,412,0.6384,0.981,0.48,0.3235
 Ellabell,31308,6897,50444.01,0.1865,24510.37,0.5014,0.4985,6341,0.6494,3203,0.8854,0.6548,0.2616,0.0764
 Fleming,31309,916,37226,0,16775.8,0.4279,0.571,1004,0.234,456,0.9649,0.65,0.1874,0.0212
 Guyton,31312,23244,80398.69,0.4174,31200.86,0.497,0.5029,28786,0.6815,8071,0.9512,0.7718,0.2254,0.1946
 Hinesville,31313,40049,49928.54,0.1442,22910.81,0.4848,0.5152,38791,0.6646,19150,0.8511,0.7042,0.2877,0.1806
 Fort Stewart,31314,1650,,0,24284.03,0.9158,0.083,1703,0.9994,0,0,0,0.943,0.0725
 Fort Stewart,31315,7503,42007.57,0.0568,17002.36,0.543,0.4569,6688,0.7144,3240,0.7883,0.8904,0.0486,0.201
 Ludowici,31316,15045,61942.87,0.2094,23093.55,0.4826,0.5174,17884,0.5921,5341,0.8467,0.7594,0.2076,0.2197
 Meldrim,31318,426,61426.43,0.0824,23538.47,0.7324,0.2653,400,0.6886,93,0.914,0.5412,0.5877,0
 Midway,31320,7267,55029.92,0.2534,27142.02,0.4878,0.512,6008,0.5665,4024,0.7286,0.6777,0.3093,0.1975
 Pembroke,31321,8207,43186.4,0.1482,19800.2,0.4969,0.503,9237,0.5211,3178,0.8364,0.8905,0.3912,0.0825
 Pooler,31322,27136,85199.41,0.4649,36833.47,0.4731,0.5269,29753,0.7795,10156,0.9898,0.7149,0.3065,0.348
 Riceboro,31323,1196,43013.13,0.0493,25590.79,0.5008,0.4992,1132,0.4887,676,0.9009,0.5764,0.2874,0.0956
 Richmond Hill,31324,28826,87940.81,0.4369,35683.57,0.5074,0.4925,34060,0.6879,10634,0.9468,0.7877,0.2418,0.4171
 Rincon,31326,21355,67252.4,0.343,31348.03,0.4879,0.512,22795,0.683,8548,0.9663,0.6828,0.2597,0.2512
 Sapelo Island,31327,204,,0.3521,52957.95,0.4216,0.5735,200,0.0539,272,0.5221,0.5211,0.1176,0.6127
 Tybee Island,31328,3596,83705.3,0.4957,48866.87,0.5453,0.4547,3736,0.5771,3671,0.4127,0.6297,0.2311,0.5851
 Springfield,31329,10857,51210.8,0.1521,39768.69,0.507,0.493,12234,0.5608,4148,0.9224,0.6647,0.258,0.2267
 Townsend,31331,9485,62652.67,0.2166,28321.11,0.5166,0.4834,12273,0.5807,6241,0.6539,0.6829,0.2606,0.1694
 Savannah,31401,19609,37705.07,0.1945,28727.52,0.4588,0.5412,18838,0.6199,10476,0.7352,0.402,0.6465,0.451
 Savannah,31404,33622,39289.6,0.1466,21295.7,0.4311,0.5689,35518,0.6886,13334,0.8951,0.5987,0.5158,0.2202
 Savannah,31405,38322,51041.09,0.2645,31346.43,0.4711,0.5289,39848,0.6642,15859,0.8833,0.6002,0.385,0.3378
 Savannah,31406,35451,55495.02,0.2533,32987.08,0.4823,0.5177,35462,0.6849,14839,0.907,0.6233,0.3578,0.3239
 Port Wentworth,31407,15312,85777.93,0.3457,41417.6,0.5487,0.4512,18850,0.7556,6265,0.9141,0.7287,0.2541,0.3768
 Savannah,31408,10358,49108.78,0.1536,20126.24,0.6564,0.3435,10011,0.5885,3111,0.9357,0.5531,0.4951,0.1081
 Savannah,31409,940,,0,20400.84,0.8362,0.1638,1238,0.9656,43,1,1,0.8312,0.1859
 Savannah,31410,25322,83202.16,0.4044,44241.03,0.4873,0.5127,26734,0.6665,11298,0.8888,0.6581,0.206,0.4632
 Savannah,31411,9598,90802.32,0.4448,74782.69,0.4683,0.5317,10997,0.3376,4767,0.9797,0.6837,0.0961,0.6424
 Savannah,31415,12555,28461.87,0.1062,19436.42,0.4888,0.5111,12845,0.6591,5685,0.7588,0.5955,0.5486,0.1346
 Savannah,31419,58556,57357.46,0.2343,30755.97,0.4633,0.5367,58711,0.6569,25362,0.8831,0.6403,0.3571,0.3338
 Waycross,31501,15276,34297.35,0.1019,20098.61,0.4932,0.5067,15417,0.4692,7465,0.8588,0.5356,0.4034,0.1514
 Waycross,31503,20464,43564.65,0.1677,21970.61,0.48,0.52,20382,0.5241,9395,0.8053,0.6724,0.2798,0.1566
 Alma,31510,9550,37184.4,0.185,20828.28,0.5034,0.4965,8921,0.465,4206,0.797,0.7142,0.2655,0.0934
 Ambrose,31512,1689,44134.6,0.1644,29171.86,0.5636,0.4364,942,0.565,1080,0.6704,0.8536,0.1409,0.0516
 Baxley,31513,16035,39176.84,0.1439,21171.75,0.5164,0.4835,15691,0.5198,7569,0.7555,0.7538,0.2814,0.0581
 Blackshear,31516,14724,40371.4,0.1233,22053.4,0.4959,0.504,14805,0.5124,6206,0.8667,0.7682,0.2641,0.1029
 Bristol,31518,1106,32132,0.1846,22157.4,0.4602,0.5389,1491,0.6675,458,0.8515,0.7026,0.3802,0.2654
 Broxton,31519,3564,39896.94,0.1194,19295.68,0.4717,0.5281,3817,0.5498,1600,0.8744,0.7234,0.3051,0.1401
 Brunswick,31520,23601,31062.9,0.1308,22048.54,0.4518,0.5481,24624,0.5621,11099,0.8501,0.6135,0.3561,0.1717
 Saint Simons Island,31522,17275,92697.74,0.5162,63518.16,0.4662,0.5338,18643,0.5528,13026,0.5946,0.6581,0.1356,0.5988
 Brunswick,31523,13449,56927.8,0.3312,38017.82,0.5423,0.4577,12977,0.6957,5927,0.947,0.6661,0.1993,0.2552
 Brunswick,31524,0,,0,,0,0,0,0,0,0,0,0,0
 Brunswick,31525,30971,51798.36,0.2293,24890.85,0.4516,0.5483,32771,0.62,12746,0.9343,0.6275,0.3603,0.2482
 Jekyll Island,31527,853,73780.04,0.1733,47232.81,0.4853,0.5147,1094,0.2251,828,0.5435,0.7489,0.0868,0.3596
 Denton,31532,382,42538.81,0.1694,25876.07,0.4607,0.5366,0,0.1385,218,0.8395,0.5956,0.2687,0.1081
 Douglas,31533,17475,40506.84,0.1182,20059.22,0.4597,0.5403,18661,0.588,7332,0.8542,0.6415,0.3214,0.1564
 Douglas,31535,10692,41991.12,0.172,22848.74,0.4752,0.5247,9173,0.6059,4956,0.8105,0.6853,0.25,0.1679
 Folkston,31537,10772,39675.06,0.1778,17991.3,0.6086,0.3913,10598,0.3783,3644,0.8224,0.7351,0.3754,0.057
 Hazlehurst,31539,14958,37136.64,0.0864,17554.73,0.4933,0.5067,15485,0.4976,6457,0.7883,0.7305,0.2858,0.1088
 Hoboken,31542,2850,41387.66,0.295,21897.08,0.6186,0.3811,2755,0.5158,1118,0.7549,0.814,0.152,0.1704
 Hortense,31543,4040,39507.4,0.2053,20966.99,0.4683,0.5314,3619,0.4539,2113,0.7885,0.623,0.3842,0.0544
 Jacksonville,31544,892,39083.5,0.066,23090.09,0.4978,0.5011,1129,0.5259,545,0.7229,0.7411,0.4094,0.0498
 Jesup,31545,16117,45263.49,0.1614,22325.79,0.4881,0.5118,16281,0.5474,6877,0.8469,0.6425,0.2745,0.133
 Jesup,31546,8313,47084.63,0.1879,19947.94,0.5384,0.4616,8454,0.3796,3049,0.8921,0.7088,0.2844,0.1085
 Kings Bay,31547,1478,96966.61,0.4125,20198.23,0.8424,0.157,1678,0.9664,145,0.5517,0.9875,0.8976,0.35
 Kingsland,31548,21715,50850.04,0.2897,32308.44,0.4973,0.5026,22556,0.6865,8419,0.9189,0.76,0.326,0.2499
 Lumber City,31549,2144,27889.99,0.1014,20602.51,0.5075,0.4916,2051,0.3192,1178,0.5441,0.5647,0.3237,0.1286
 Manor,31550,897,27479.31,0.3055,24863.31,0.6611,0.3378,1093,0.3711,407,0.7641,0.9164,0.3255,0.2322
 Mershon,31551,890,36958.4,0.2394,20551.65,0.6258,0.3719,708,0.4612,403,0.7047,0.9014,0.2649,0.1991
 Millwood,31552,1087,35664.13,0.132,15853.4,0.6099,0.3891,1235,0.4458,397,0.8967,0.4691,0.4056,0.0829
 Nahunta,31553,4574,32001.4,0.1014,21521.56,0.439,0.5608,4451,0.495,2237,0.8109,0.6092,0.3047,0.0588
 Nicholls,31554,8453,49926.83,0.1093,14151.85,0.6711,0.3288,8503,0.3307,2410,0.771,0.7804,0.4354,0.0702
 Odum,31555,2404,45485.94,0.1343,23393.3,0.4405,0.5595,1956,0.4377,1154,0.9289,0.7295,0.1075,0.1828
 Offerman,31556,108,23977.54,0.0256,13969.4,0.2778,0.713,153,0.3626,51,0.7647,0.8718,0.4725,0.0484
 Patterson,31557,3574,52131.56,0.1504,23796.4,0.5423,0.4575,4248,0.6301,1582,0.8824,0.7235,0.2648,0.1109
 Saint Marys,31558,21733,61256.32,0.2511,29537.07,0.5138,0.4862,22280,0.6115,9573,0.8915,0.7007,0.2519,0.274
 Screven,31560,2452,54481.94,0.1251,24206.36,0.4935,0.5061,2227,0.5626,1286,0.7768,0.7177,0.2376,0.084
 Sea Island,31561,0,,0,55354.48,0,0,0,0,317,0,0,0,0
 Saint George,31562,2470,50682.68,0.2481,23822.2,0.598,0.4016,2548,0.4993,1030,0.767,0.7253,0.321,0.2248
 Surrency,31563,1257,43830.47,0.2189,21548.27,0.5465,0.4527,1144,0.5282,612,0.7614,0.7446,0.3075,0.1406
 Waverly,31565,2167,62636.44,0.2438,32171.44,0.4928,0.5067,2490,0.6273,1002,0.9621,0.7956,0.1713,0.1891
 Waynesville,31566,5031,38258.8,0.0758,15654.55,0.5408,0.4592,5693,0.4019,1884,0.8408,0.6585,0.2503,0.0751
 West Green,31567,896,40181.25,0.0285,19193.38,0.5915,0.4063,1102,0.2503,316,1,0.8987,0.2526,0.0247
 White Oak,31568,571,53227,0.1678,30444.27,0.5166,0.4816,350,0.4713,617,0.4635,0.7517,0.1093,0.1061
 Woodbine,31569,6085,67544.46,0.266,28775,0.5035,0.4963,6537,0.6052,2531,0.8408,0.7514,0.2163,0.2671
 Valdosta,31601,28910,25151.82,0.0864,16745.17,0.4893,0.5107,23691,0.4802,13904,0.8238,0.5378,0.4589,0.1537
 Valdosta,31602,37445,42057.37,0.2036,26041.49,0.5069,0.4931,39665,0.5887,15690,0.8532,0.5742,0.4747,0.3292
 Valdosta,31605,24002,59421.39,0.2313,28760.7,0.4438,0.5562,26425,0.6375,10038,0.8426,0.7332,0.2527,0.3086
 Valdosta,31606,3403,45095.68,0.1062,19827.14,0.5178,0.4819,2765,0.5673,1258,0.9658,0.7169,0.3183,0.132
 Adel,31620,11281,48057.22,0.1574,20884.8,0.4846,0.5153,12196,0.5771,4847,0.8164,0.6422,0.3169,0.1756
 Alapaha,31622,1713,34697.01,0.0953,21261.9,0.3952,0.6042,1275,0.5024,1003,0.8574,0.5709,0.2961,0.1089
 Argyle,31623,117,27913.58,0,13221.19,0.4017,0.5897,145,0.2791,76,0.5921,0.8444,0,0.0333
 Axson,31624,1527,37789.3,0.1742,20502.77,0.4971,0.5029,1760,0.4307,582,0.9072,0.7784,0.2215,0.1449
 Barney,31625,707,39343.08,0.259,25255.63,0.5446,0.454,0,0.5301,359,0.7744,1,0.0317,0.3719
 Boston,31626,3408,41147.1,0.2553,31130.87,0.4865,0.5132,3625,0.6262,1947,0.8069,0.6295,0.2085,0.1632
 Cecil,31627,236,36279.37,0.0894,18952.56,0.5042,0.4958,211,0.2922,148,0.8311,0.5041,0.2407,0.1171
 Dixie,31629,1072,49087.22,0.2924,33812.59,0.4431,0.5569,1544,0.5458,339,0.8879,0.99,0.4521,0.2443
 Du Pont,31630,507,17418.89,0.0289,10559.81,0.503,0.4951,496,0.4643,187,0.9251,0.4682,0.5489,0.0417
 Fargo,31631,343,47536.73,0.1351,22392.52,0.3936,0.6064,176,0.3462,196,0.7551,0.5676,0.0523,0.0433
 Hahira,31632,14703,72842.11,0.3483,28301.77,0.5038,0.4961,17638,0.6278,5222,0.9571,0.7339,0.2778,0.3267
 Homerville,31634,5658,28154.29,0.0936,15789.89,0.5138,0.486,5600,0.4494,2516,0.8068,0.6773,0.3195,0.0913
 Lakeland,31635,6967,32079.92,0.1872,18304.86,0.4956,0.5044,7660,0.4641,2923,0.8532,0.6203,0.3529,0.1801
 Lake Park,31636,11155,42513.98,0.1548,24320.77,0.4427,0.5571,12067,0.5413,4847,0.8915,0.7126,0.23,0.1941
 Lenox,31637,2691,37966.81,0.1637,23135.61,0.4418,0.5574,2212,0.547,1195,0.8795,0.6841,0.1922,0.1078
 Morven,31638,1133,19742.66,0.0577,16703,0.4281,0.5711,1200,0.3307,677,0.7164,0.7814,0.2134,0.0441
 Nashville,31639,10213,44234.33,0.0859,19736.26,0.4958,0.5041,10409,0.5138,4743,0.8739,0.6828,0.2107,0.1146
 Naylor,31641,1979,49710.72,0.2122,27264.13,0.4618,0.5376,2082,0.7209,786,0.9173,0.6865,0.2268,0.1876
 Pearson,31642,4785,40565.96,0.0824,20235.2,0.5235,0.4763,4746,0.6041,1930,0.8109,0.7387,0.402,0.0961
 Quitman,31643,8445,36393.55,0.1574,25845.72,0.4783,0.5216,8105,0.5116,4480,0.7547,0.6102,0.3407,0.1861
 Ray City,31645,4572,38268.13,0.1586,19129.55,0.4792,0.5206,3507,0.5808,2408,0.7334,0.6886,0.2063,0.1587
 Sparks,31647,3788,30084.2,0.0694,15249.4,0.4913,0.5084,3807,0.5311,1520,0.8908,0.7201,0.2606,0.085
 Statenville,31648,645,37105.97,0.2465,45125.63,0.2822,0.7163,199,0.6158,450,0.8022,0.5429,0.1525,0.1429
 Stockton,31649,1048,41389.4,0.1393,26783.09,0.4523,0.5468,966,0.439,514,0.9494,0.6557,0.1656,0.1879
 Willacoochee,31650,4066,45176.44,0.243,27618.73,0.5049,0.4948,4689,0.5652,1602,0.8527,0.7884,0.2951,0.1825
 Valdosta,31698,640,,0,2117.85,0.5203,0.4781,469,0.3109,0,0,0,0.9859,0
 Moody Afb,31699,804,,0,23481.8,0.9303,0.0697,1044,0.8831,0,0,0,0.9465,0.17
 Albany,31701,17632,29475.72,0.1087,19145.45,0.4667,0.5332,15724,0.5622,9493,0.7394,0.5581,0.3749,0.1384
 Albany,31705,31665,29983.97,0.0805,15633.21,0.4698,0.5301,30375,0.5155,12964,0.8219,0.6389,0.5074,0.1232
 Albany,31707,25318,41494.22,0.165,23711.55,0.4643,0.5357,24791,0.6375,12322,0.8377,0.5329,0.4355,0.2682
 Americus,31709,15585,37730.71,0.1716,21832.93,0.4692,0.5307,15113,0.5737,7248,0.8666,0.6311,0.4153,0.2178
 Andersonville,31711,715,43050.38,0.0171,17493.34,0.4014,0.5972,583,0.4545,321,0.9128,0.6689,0.275,0.108
 Arabi,31712,1115,37023.7,0.0514,20084.08,0.4969,0.5031,1168,0.484,679,0.7452,0.6186,0.2283,0.0423
 Ashburn,31714,5484,43803.65,0.1256,20518.56,0.4582,0.5416,5045,0.567,2856,0.7917,0.7408,0.2387,0.1333
 Baconton,31716,3197,51326.78,0.2262,21577.61,0.5896,0.4104,3624,0.53,1316,0.8131,0.7813,0.2034,0.1402
 Americus,31719,8484,35416.5,0.131,19226.86,0.5019,0.498,7356,0.5156,3815,0.8941,0.5245,0.4355,0.0666
 Barwick,31720,128,34120.4,0.0938,21852.01,0.4063,0.5859,0,0.7928,130,0.7385,0.2396,0.1455,0.0769
 Albany,31721,20461,74211.18,0.3657,37218.19,0.44,0.5599,20247,0.6209,8354,0.9597,0.7528,0.2772,0.4072
 Berlin,31722,530,43517,0.0114,19068,0.5245,0.4717,659,0.6701,216,0.8102,0.8686,0.2609,0.0497
 Camilla,31730,7413,35244.73,0.1327,20819.77,0.4221,0.5778,5685,0.6147,4071,0.7924,0.6234,0.3756,0.116
 Chula,31733,1120,54484.2,0.2495,33945.21,0.5741,0.4259,784,0.686,628,0.7341,0.7202,0.0755,0.1831
 Cobb,31735,511,53978.74,0.0592,25748.7,0.4149,0.5832,180,0.1441,654,0.5168,0.5503,0.0209,0.2549
 Coolidge,31738,1747,44001.13,0.1385,23715.42,0.5094,0.4906,1360,0.6072,917,0.8899,0.6581,0.24,0.0864
 De Soto,31743,303,40387.99,0,11688.16,0.4686,0.5281,91,0.7615,287,0.3624,0.8365,0.5534,0.2083
 Doerun,31744,2909,49288.82,0.1878,28600.84,0.4778,0.5218,3045,0.6198,1485,0.8822,0.6496,0.1823,0.1074
 Ellenton,31747,223,16422.4,0.1585,16662.1,0.5291,0.4664,323,0.4583,100,0.82,0.7683,0.2826,0.1059
 Enigma,31749,2773,39779.06,0.1004,17214.72,0.5655,0.4345,2902,0.6289,1214,0.8451,0.7446,0.2302,0.1086
 Fitzgerald,31750,17821,35508.26,0.1075,19117.22,0.4801,0.5199,17071,0.511,8511,0.8128,0.6435,0.3436,0.1402
 Hartsfield,31756,963,52525.72,0.1912,35682.71,0.4361,0.5628,1106,0.8564,438,0.8836,0.4264,0.251,0.0561
 Thomasville,31757,11089,58744.29,0.2605,31674.42,0.4794,0.5205,11684,0.663,4869,0.8671,0.7681,0.2242,0.3795
 Leesburg,31763,24536,64566.56,0.2693,27257.02,0.5055,0.4944,24866,0.6366,9581,0.8977,0.7496,0.2918,0.2534
 Leslie,31764,1558,49917.13,0.1438,23663.84,0.4525,0.5469,1706,0.5661,565,0.8372,0.8816,0.2736,0.249
 Meigs,31765,2456,32358.18,0.1088,18887.89,0.4528,0.5468,1920,0.5409,1175,0.8996,0.632,0.2773,0.0932
 Moultrie,31768,22775,33859.24,0.1555,20062.94,0.4877,0.5123,22365,0.5601,9665,0.7931,0.6313,0.3817,0.1656
 Norman Park,31771,7328,41891.68,0.2381,18615.29,0.5296,0.4703,8646,0.6116,2353,0.8479,0.795,0.3906,0.0956
 Oakfield,31772,358,48705.8,0,19676.8,0.5866,0.4106,57,0.2767,171,0.9415,0.8944,0.1505,0
 Ochlocknee,31773,3975,46572.58,0.1822,24112.35,0.4742,0.5255,4703,0.6622,1927,0.8116,0.7276,0.1809,0.128
 Ocilla,31774,6844,27447.8,0.1006,17922.03,0.4994,0.5004,6970,0.5186,2976,0.8249,0.624,0.3694,0.1481
 Omega,31775,3470,38650.78,0.1906,23199.72,0.4153,0.5844,3754,0.5564,1242,0.938,0.9159,0.1916,0.0266
 Pavo,31778,2238,37146.02,0.1487,26898.09,0.4325,0.567,2117,0.6399,1038,0.868,0.5794,0.3203,0.1617
 Pelham,31779,10406,41080.65,0.114,16403.6,0.5718,0.4282,11168,0.5371,3476,0.9082,0.7355,0.4065,0.0901
 Plains,31780,2127,37265.01,0.1613,21956.85,0.4443,0.5552,2321,0.5158,976,0.8514,0.6679,0.2568,0.1988
 Poulan,31781,2362,35686.78,0.1133,17221.8,0.4742,0.5254,2730,0.6445,935,0.8684,0.7032,0.1717,0.1297
 Rebecca,31783,805,45803.2,0.1951,26704.4,0.4907,0.5093,582,0.3658,528,0.767,0.4914,0.2081,0.1277
 Sale City,31784,863,39598.2,0.2679,18197.23,0.4716,0.5272,963,0.4337,312,0.8494,0.7321,0.3308,0.0614
 Smithville,31787,1579,31852.2,0.1863,25063.15,0.4433,0.5567,1789,0.4881,774,0.8876,0.5866,0.2838,0.2037
 Moultrie,31788,8889,38610.16,0.13,20596.04,0.4871,0.5128,6907,0.6276,4264,0.7828,0.6687,0.243,0.1073
 Sumner,31789,728,46943.12,0.037,24649.49,0.3915,0.6071,374,0.443,609,0.665,0.6025,0.1629,0.0585
 Sycamore,31790,1999,35035.33,0.117,18671.2,0.4632,0.5363,2142,0.5503,891,0.8822,0.7863,0.2917,0.0891
 Sylvester,31791,12103,48647.64,0.2083,25792.25,0.4864,0.5135,12190,0.6137,5210,0.9067,0.7885,0.309,0.1322
 Thomasville,31792,23200,34981.8,0.2486,27753.93,0.4801,0.5199,21737,0.5792,11065,0.8333,0.6761,0.3347,0.2954
 Tifton,31793,8663,62405.8,0.2788,27659.93,0.4303,0.5695,6710,0.6205,3822,0.8906,0.7209,0.3616,0.2475
 Tifton,31794,29225,42453.15,0.1628,21433.36,0.5116,0.4883,32764,0.6414,11705,0.9543,0.7107,0.3424,0.1619
 Ty Ty,31795,1316,29036.38,0.1193,20677.39,0.421,0.5783,296,0.5423,803,0.8144,0.6865,0.1867,0.1036
 Warwick,31796,1192,40942.47,0.1548,25812.76,0.4581,0.5403,1348,0.4592,729,0.6914,0.6925,0.1955,0.1501
 Wray,31798,847,34501.45,0.0082,14207.65,0.5006,0.4982,906,0.7906,300,0.8167,0.3673,0.3415,0.0346
 Box Springs,31801,3869,58888.08,0.178,24405.55,0.4376,0.5622,5160,0.5646,1733,0.9498,0.8688,0.2114,0.1411
 Buena Vista,31803,4533,44085.7,0.12,24005.33,0.4972,0.5025,2779,0.4656,2742,0.7476,0.6473,0.3247,0.1263
 Cataula,31804,6237,82932,0.4505,39056.09,0.5123,0.4876,6589,0.6532,2412,0.9167,0.8779,0.2357,0.3033
 Cusseta,31805,2514,38227.46,0.1446,23234.77,0.3767,0.6229,2342,0.5885,1415,0.7576,0.7052,0.2144,0.1832
 Ellaville,31806,5301,43921.01,0.1296,20608.6,0.4842,0.5158,5563,0.5896,2207,0.8423,0.8123,0.3408,0.1194
 Ellerslie,31807,3372,96426.81,0.4809,30736.4,0.5059,0.4941,3662,0.7138,1153,0.974,0.8442,0.2427,0.2373
 Fortson,31808,7868,100602.9,0.5529,48248.95,0.4898,0.5099,8881,0.659,3010,0.8924,0.8388,0.2434,0.4004
 Geneva,31810,265,27936.13,0.0159,15943.44,0.5472,0.4491,340,0.3926,149,0.8456,0.8492,0.2603,0
 Hamilton,31811,7090,85712.66,0.4213,35130.77,0.5426,0.4573,8529,0.6156,2539,0.9004,0.8836,0.2729,0.3395
 Junction City,31812,642,33136.23,0.2492,33871.06,0.472,0.528,780,0.4553,332,0.9066,0.804,0.2546,0.1342
 Louvale,31814,214,54135.56,0,32676.69,0.4907,0.5047,194,0.7611,168,0.8036,0.5407,0.2722,0.2364
 Lumpkin,31815,4146,25682,0.1499,13484.8,0.7923,0.2074,4911,0.1689,1101,0.733,0.6097,0.4867,0.1175
 Manchester,31816,5066,36712.55,0.1362,23184.15,0.4848,0.515,4720,0.5316,2642,0.8198,0.6547,0.3282,0.0965
 Midland,31820,12465,100824.22,0.4835,45983.04,0.4972,0.5027,15020,0.6566,4731,0.9491,0.7755,0.2119,0.5432
 Omaha,31821,331,19023.35,0.0769,6692.21,0.3021,0.6949,395,1,52,1,0.9423,0.8788,0.0317
 Pine Mountain,31822,5348,55500.8,0.1955,29717.06,0.5181,0.4817,4791,0.5099,2793,0.8188,0.6699,0.3011,0.23
 Pine Mountain Valley,31823,769,52111.92,0.2981,30736.55,0.498,0.5007,655,0.488,457,0.8074,0.5799,0.0689,0.2187
 Preston,31824,1416,29291.72,0.0846,19592.33,0.5092,0.4894,980,0.5852,867,0.7497,0.6354,0.2369,0.0689
 Richland,31825,2156,35290.94,0.2248,28795.3,0.5209,0.4787,1909,0.455,1222,0.8519,0.6744,0.2359,0.2077
 Shiloh,31826,1536,45032.6,0.1481,23233.46,0.446,0.5534,397,0.5078,954,0.9057,0.5035,0.3661,0.1803
 Talbotton,31827,2071,39705.55,0.0986,19234.4,0.4602,0.5398,1794,0.528,1032,0.8159,0.6164,0.4119,0.1492
 Upatoi,31829,751,97306.46,0.491,47212.65,0.4594,0.5393,594,0.7986,223,0.9955,0.8423,0.1013,0.3609
 Warm Springs,31830,2675,42851.86,0.2033,18432.93,0.5118,0.4879,2735,0.5403,960,0.8302,0.8181,0.3769,0.2041
 Waverly Hall,31831,3561,64985.26,0.1917,25182.3,0.4634,0.5364,3780,0.5135,1363,0.9875,0.7459,0.119,0.2319
 Weston,31832,358,23579.01,0,15198.05,0.4162,0.5838,535,0.3577,172,0.936,0.6273,0.0949,0.0157
 West Point,31833,6948,47698.58,0.1742,24925.33,0.4705,0.5294,6740,0.59,3438,0.7813,0.6843,0.2269,0.1883
 Woodland,31836,967,42052.48,0.1048,23347.99,0.4023,0.5977,1103,0.3136,688,0.7209,0.7258,0.138,0.0879
 Columbus,31901,5080,24498.03,0.0697,23627.14,0.5215,0.4783,2811,0.6063,3615,0.7104,0.2726,0.5105,0.2335
 Columbus,31903,16790,22740.8,0.0431,14077.46,0.4493,0.5506,13160,0.5056,9101,0.7195,0.5254,0.4945,0.1046
 Columbus,31904,33159,50618.36,0.2172,32878.27,0.4678,0.5322,32590,0.6191,14949,0.8461,0.6056,0.335,0.3059
 Fort Benning,31905,15562,58755.06,0.1699,21271.98,0.6737,0.3262,10692,0.8306,4467,0.8276,0.799,0.4474,0.3913
 Columbus,31906,19864,30148.55,0.1274,24484.04,0.4583,0.5417,18206,0.5691,10424,0.8093,0.519,0.4402,0.2262
 Columbus,31907,57272,43069.84,0.1659,22641.07,0.4916,0.5084,57324,0.5652,23173,0.8782,0.6108,0.4247,0.1897
 Columbus,31909,39938,61069.65,0.2617,29278.34,0.4972,0.5027,41585,0.6275,16846,0.9088,0.6383,0.3284,0.3519
 Arlington,39813,2173,33011.03,0.0648,17002.98,0.4781,0.5214,2234,0.6689,1110,0.7225,0.7768,0.3582,0.2249
 Attapulgus,39815,1705,48391.07,0.0445,18163.71,0.5126,0.4868,1366,0.6341,869,0.7491,0.722,0.2814,0.0473
 Bainbridge,39817,9809,36002.61,0.1335,19268.1,0.5219,0.478,9036,0.4924,4670,0.8148,0.7466,0.3634,0.1067
 Bainbridge,39819,11093,47253.68,0.2092,24358.81,0.4448,0.5551,11738,0.5427,4797,0.8011,0.7096,0.3064,0.15
 Blakely,39823,7598,28612.63,0.1452,17283.66,0.4564,0.5436,7229,0.4863,3673,0.8102,0.6465,0.4062,0.1654
 Bluffton,39824,841,30755.63,0.0723,20209.3,0.5874,0.4114,1224,0.6833,289,0.8131,0.6681,0.4197,0.3608
 Brinson,39825,1110,56796.72,0.3167,27957.49,0.3568,0.6423,807,0.6063,658,0.6717,0.8439,0.1604,0.2177
 Bronwood,39826,376,36264.82,0.1981,22625.5,0.3963,0.6011,334,0.5331,286,0.7238,0.4638,0.28,0.0583
 Cairo,39827,4004,51903.07,0.2183,29256.78,0.4463,0.5534,3787,0.7318,1755,0.8638,0.781,0.2533,0.1584
 Cairo,39828,13894,41598.01,0.2462,22098.67,0.486,0.5139,12604,0.594,6182,0.8146,0.6769,0.2657,0.1362
 Climax,39834,2353,38666.27,0.1507,17254.93,0.4258,0.5737,2347,0.4954,989,0.8989,0.5816,0.2177,0.0926
 Coleman,39836,76,21265.17,0.0968,24276.06,0.2763,0.7237,0,0.4825,132,0.2348,1,0.4344,0.4328
 Colquitt,39837,6259,42490.56,0.1323,22838.32,0.51,0.49,6395,0.5132,3107,0.8371,0.6359,0.2852,0.1112
 Cuthbert,39840,5202,31919.55,0.0515,13114.55,0.4789,0.521,5047,0.4929,2550,0.7004,0.6204,0.3768,0.051
 Damascus,39841,694,37386.3,0.1614,38317.78,0.4654,0.5331,690,0.5486,531,0.7119,0.3968,0.3218,0.1209
 Dawson,39842,7608,37770.86,0.1576,20000.25,0.4846,0.5152,6988,0.5206,3557,0.8173,0.7334,0.388,0.1147
 Donalsonville,39845,7459,34043.78,0.1045,30867.7,0.4753,0.5246,7055,0.459,4403,0.6823,0.6415,0.3343,0.1524
 Edison,39846,1909,27267.65,0.0826,16829.81,0.439,0.5605,2015,0.467,958,0.809,0.6529,0.2769,0.0754
 Fort Gaines,39851,1788,24512.23,0.0268,17227.62,0.4597,0.5397,1505,0.4064,1684,0.5315,0.5095,0.3887,0.1067
 Georgetown,39854,2442,31277.4,0.1519,20312.68,0.484,0.5156,2633,0.556,1896,0.4478,0.7067,0.341,0.0824
 Iron City,39859,937,31375.64,0.1551,20550.36,0.5101,0.4888,764,0.432,541,0.7745,0.6181,0.3345,0.1707
 Jakin,39861,959,29727.96,0.002,15126.6,0.4348,0.5641,708,0.4758,569,0.8805,0.6467,0.2225,0.0933
 Leary,39862,1326,40538.49,0.0937,23218,0.463,0.5362,1352,0.3294,724,0.7666,0.5892,0.1475,0.0928
 Morgan,39866,1830,32338,0.0541,5154.36,0.9776,0.0219,1132,0,284,0.5211,0.4595,0.6303,0.034
 Morris,39867,521,16431.63,0.0588,14639.61,0.5585,0.4415,523,0.246,326,0.6258,0.6912,0.4915,0.1349
 Newton,39870,1767,27631.44,0.1317,21493.21,0.4488,0.5507,1357,0.499,1282,0.6576,0.5409,0.3266,0.1721
 Parrott,39877,303,31201.4,0.0605,22861.84,0.3201,0.6799,271,0.3694,329,0.6535,0.3907,0.0846,0.2168
 Sasser,39885,76,56292,0.0556,24451.77,0.4342,0.5526,45,0.5091,46,0.7826,0.5278,0.2909,0.2143
 Shellman,39886,1733,35747.39,0.1403,23258.83,0.4593,0.5401,1849,0.5539,986,0.6795,0.4701,0.4393,0.1011
 Whigham,39897,4223,49157.2,0.1787,23324.21,0.4639,0.5359,4803,0.5957,1764,0.7772,0.717,0.2424,0.1135
